Hour,m3.large,c5.2xlarge
0,1,111
1,1,111
2,1,110
3,1,108
4,1,108
5,1,106
6,1,107
7,1,100
8,1,100
9,1,102
10,1,106
11,1,108
12,1,111
13,1,113
14,1,113
15,1,113
16,1,114
17,1,114
18,1,114
19,1,114
20,1,111
21,1,108
22,1,108
23,1,111
24,1,114
25,1,113
26,1,113
27,1,116
28,1,107
29,1,109
30,1,102
31,1,100
32,1,101
33,1,103
34,1,107
35,1,112
36,1,116
37,1,127
38,1,131
39,1,125
40,1,134
41,1,133
42,1,131
43,1,127
44,1,131
45,1,124
46,1,126
47,1,124
48,1,128
49,1,129
50,1,124
51,1,120
52,1,108
53,1,110
54,1,105
55,1,109
56,1,103
57,1,104
58,1,119
59,1,117
60,1,121
61,1,129
62,1,125
63,1,123
64,1,140
65,1,128
66,1,142
67,1,138
68,1,128
69,1,122
70,1,122
71,1,125
72,1,129
73,1,120
74,1,119
75,1,113
76,1,107
77,1,104
78,1,107
79,1,100
80,1,108
81,1,104
82,1,106
83,1,110
84,1,113
85,1,128
86,1,119
87,1,117
88,1,122
89,1,117
90,1,121
91,1,118
92,1,122
93,1,117
94,1,120
95,1,119
96,1,123
97,1,116
98,1,124
99,1,115
100,1,110
101,1,113
102,1,105
103,1,101
104,1,101
105,1,103
106,1,105
107,1,110
108,1,110
109,1,111
110,1,113
111,1,112
112,1,115
113,1,115
114,1,116
115,1,115
116,1,114
117,1,113
118,1,119
119,1,119
120,1,120
121,1,117
122,1,116
123,1,113
124,1,107
125,1,109
126,1,103
127,1,101
128,1,101
129,1,104
130,1,107
131,1,113
132,1,122
133,1,132
134,1,127
135,1,123
136,1,130
137,1,133
138,1,131
139,1,129
140,1,128
141,1,121
142,1,123
143,1,130
144,1,124
145,1,129
146,1,123
147,1,113
148,1,110
149,1,106
150,1,105
151,1,102
152,1,105
153,1,110
154,1,114
155,1,114
156,1,129
157,1,133
158,1,132
159,1,123
160,1,133
161,1,126
162,1,144
163,1,135
164,1,137
165,1,132
166,1,135
167,1,145
168,1,135
169,1,144
170,1,139
171,1,118
172,1,113
173,1,112
174,1,102
175,1,105
176,1,103
177,1,119
178,1,120
179,1,121
180,1,121
181,1,130
182,1,135
183,1,130
184,1,135
185,1,138
186,1,137
187,1,131
188,1,144
189,1,140
190,1,141
191,1,140
192,1,144
193,1,143
194,1,130
195,1,126
196,1,115
197,1,108
198,1,105
199,1,103
200,1,105
201,1,109
202,1,111
203,1,117
204,1,128
205,1,136
206,1,141
207,1,137
208,1,140
209,1,133
210,1,135
211,1,144
212,1,148
213,1,143
214,1,131
215,1,131
216,1,131
217,1,122
218,1,116
219,1,113
220,1,86
221,1,84
222,1,81
223,1,80
224,1,84
225,1,84
226,1,92
227,1,97
228,1,101
229,1,103
230,1,103
231,1,107
232,1,114
233,1,104
234,1,99
235,1,97
236,1,137
237,1,119
238,1,124
239,1,103
240,1,108
241,1,103
242,1,100
243,1,96
244,1,94
245,1,94
246,1,91
247,1,91
248,1,94
249,1,91
250,1,98
251,1,96
252,1,99
253,1,96
254,1,95
255,1,101
256,1,95
257,1,101
258,1,100
259,1,99
260,1,96
261,1,104
262,1,93
263,1,96
264,1,102
265,1,97
266,1,99
267,1,92
268,1,87
269,1,92
270,1,87
271,1,90
272,1,87
273,1,93
274,1,95
275,1,97
276,1,95
277,1,94
278,1,94
279,1,94
280,1,94
281,1,94
282,1,94
283,1,94
284,1,96
285,1,98
286,1,103
287,1,113
288,1,99
289,1,99
290,1,95
291,1,94
292,1,93
293,1,93
294,1,92
295,1,88
296,1,87
297,1,100
298,1,100
299,1,98
300,1,110
301,1,102
302,1,104
303,1,108
304,1,106
305,1,107
306,1,104
307,1,107
308,1,128
309,1,132
310,1,129
311,1,107
312,1,100
313,1,97
314,1,101
315,1,103
316,1,97
317,1,86
318,1,82
319,1,84
320,1,92
321,1,92
322,1,94
323,1,99
324,1,100
325,1,110
326,1,119
327,1,120
328,1,125
329,1,116
330,1,121
331,1,127
332,1,136
333,1,129
334,1,133
335,1,102
336,1,112
337,1,104
338,1,106
339,1,96
340,1,97
341,1,97
342,1,92
343,1,94
344,1,92
345,1,100
346,1,108
347,1,103
348,1,108
349,1,102
350,1,113
351,1,111
352,1,106
353,1,106
354,1,109
355,1,108
356,1,111
357,1,109
358,1,115
359,1,111
360,1,110
361,1,105
362,1,108
363,1,93
364,1,98
365,1,94
366,1,91
367,1,97
368,1,90
369,1,101
370,1,99
371,1,104
372,1,107
373,1,111
374,1,107
375,1,104
376,1,114
377,1,108
378,1,112
379,1,111
380,1,108
381,1,108
382,1,107
383,1,103
384,1,107
385,1,107
386,1,110
387,1,102
388,1,96
389,1,91
390,1,98
391,1,95
392,1,95
393,1,95
394,1,98
395,1,106
396,1,104
397,1,105
398,1,110
399,1,154
400,1,158
401,1,155
402,1,135
403,1,151
404,1,138
405,1,128
406,1,102
407,1,108
408,1,105
409,1,119
410,1,102
411,1,101
412,1,90
413,1,94
414,1,98
415,1,96
416,1,93
417,1,93
418,1,96
419,1,96
420,1,100
421,1,105
422,1,107
423,1,105
424,1,100
425,1,101
426,1,104
427,1,100
428,1,103
429,1,100
430,1,101
431,1,105
432,1,106
433,1,100
434,1,107
435,1,95
436,1,92
437,1,99
438,1,96
439,1,94
440,1,92
441,1,91
442,1,95
443,1,99
444,1,96
445,1,103
446,1,103
447,1,100
448,1,99
449,1,104
450,1,110
451,1,109
452,1,101
453,1,106
454,1,111
455,1,108
456,1,110
457,1,116
458,1,98
459,1,116
460,1,115
461,1,106
462,1,90
463,1,90
464,1,89
465,1,94
466,1,95
467,1,101
468,1,105
469,1,110
470,1,110
471,1,109
472,1,107
473,1,106
474,1,110
475,1,106
476,1,104
477,1,137
478,1,135
479,1,145
480,1,111
481,1,112
482,1,97
483,1,95
484,1,97
485,1,92
486,1,93
487,1,95
488,1,92
489,1,102
490,1,98
491,1,106
492,1,103
493,1,109
494,1,108
495,1,103
496,1,134
497,1,133
498,1,162
499,1,135
500,1,132
501,1,130
502,1,145
503,1,138
504,1,125
505,1,131
506,1,124
507,1,118
508,1,103
509,1,101
510,1,91
511,1,86
512,1,85
513,1,94
514,1,99
515,1,107
516,1,149
517,1,135
518,1,127
519,1,127
520,1,122
521,1,124
522,1,123
523,1,123
524,1,124
525,1,123
526,1,120
527,1,120
528,1,132
529,1,121
530,1,105
531,1,101
532,1,93
533,1,95
534,1,94
535,1,88
536,1,91
537,1,95
538,1,98
539,1,107
540,1,109
541,1,99
542,1,144
543,1,135
544,1,157
545,1,159
546,1,148
547,1,157
548,1,186
549,1,193
550,1,176
551,1,150
552,1,147
553,1,146
554,1,142
555,1,139
556,1,126
557,1,112
558,1,102
559,1,108
560,1,99
561,1,105
562,1,119
563,1,123
564,1,124
565,1,132
566,1,155
567,1,165
568,1,163
569,1,165
570,1,167
571,1,161
572,1,168
573,1,158
574,1,151
575,1,142
576,1,124
577,1,123
578,1,121
579,1,114
580,1,115
581,1,111
582,1,105
583,1,104
584,1,104
585,1,106
586,1,116
587,1,120
588,1,120
589,1,118
590,1,118
591,1,117
592,1,118
593,1,119
594,1,120
595,1,117
596,1,126
597,1,124
598,1,118
599,1,114
600,1,113
601,1,113
602,1,114
603,1,111
604,1,110
605,1,108
606,1,104
607,1,97
608,1,100
609,1,107
610,1,113
611,1,117
612,1,117
613,1,117
614,1,117
615,1,117
616,1,117
617,1,120
618,1,119
619,1,118
620,1,126
621,1,128
622,1,118
623,1,116
624,1,116
625,1,115
626,1,115
627,1,112
628,1,107
629,1,110
630,1,101
631,1,100
632,1,101
633,1,106
634,1,113
635,1,129
636,1,128
637,1,138
638,1,130
639,1,153
640,1,167
641,1,169
642,1,165
643,1,160
644,1,179
645,1,146
646,1,143
647,1,128
648,1,126
649,1,138
650,1,145
651,1,133
652,1,105
653,1,107
654,1,101
655,1,101
656,1,99
657,1,106
658,1,117
659,1,119
660,1,116
661,1,124
662,1,120
663,1,139
664,1,153
665,1,198
666,1,163
667,1,153
668,1,171
669,1,159
670,1,160
671,1,115
672,1,104
673,1,103
674,1,94
675,1,73
676,1,66
677,1,63
678,1,68
679,1,64
680,1,64
681,1,68
682,1,71
683,1,78
684,1,117
685,1,117
686,1,99
687,1,103
688,1,117
689,1,111
690,1,108
691,1,107
692,1,106
693,1,92
694,1,92
695,1,95
696,1,101
697,1,101
698,1,84
699,1,72
700,1,68
701,1,67
702,1,68
703,1,66
704,1,61
705,1,70
706,1,75
707,1,77
708,1,85
709,1,76
710,1,79
711,1,76
712,1,83
713,1,111
714,1,104
715,1,109
716,1,163
717,1,132
718,1,153
719,1,132
720,1,99
721,1,108
722,1,113
723,1,108
724,1,101
725,1,102
726,1,97
727,1,95
728,1,94
729,1,100
730,1,106
731,1,126
732,1,116
733,1,113
734,1,142
735,1,206
736,1,209
737,1,195
738,1,190
739,1,129
740,1,104
741,1,84
742,1,76
743,1,72
744,1,70
745,1,67
746,1,70
747,1,78
748,1,65
749,1,67
750,1,64
751,1,63
752,1,60
753,1,60
754,1,64
755,1,67
756,1,68
757,1,70
758,1,68
759,1,66
760,1,69
761,1,68
762,1,67
763,1,67
764,1,66
765,1,67
766,1,71
767,1,72
768,1,68
769,1,66
770,1,70
771,1,65
772,1,61
773,1,68
774,1,71
775,1,68
776,1,69
777,1,58
778,1,63
779,1,64
780,1,66
781,1,67
782,1,67
783,1,68
784,1,68
785,1,65
786,1,65
787,1,65
788,1,65
789,1,69
790,1,67
791,1,65
792,1,65
793,1,65
794,1,72
795,1,62
796,1,59
797,1,63
798,1,62
799,1,60
800,1,64
801,1,62
802,1,65
803,1,71
804,1,75
805,1,75
806,1,74
807,1,107
808,1,98
809,1,117
810,1,113
811,1,96
812,1,87
813,1,77
814,1,70
815,1,69
816,1,74
817,1,68
818,1,66
819,1,66
820,1,62
821,1,60
822,1,60
823,1,65
824,1,60
825,1,70
826,1,65
827,1,73
828,1,75
829,1,80
830,1,79
831,1,86
832,1,106
833,1,131
834,1,159
835,1,153
836,1,213
837,1,250
838,1,249
839,1,231
840,1,221
841,1,207
842,1,200
843,1,194
844,1,183
845,1,180
846,1,169
847,1,180
848,1,175
849,1,173
850,1,174
851,1,177
852,1,181
853,1,201
854,1,199
855,1,203
856,1,241
857,1,292
858,1,329
859,1,350
860,1,351
861,1,311
862,1,285
863,1,264
864,1,229
865,1,219
866,1,215
867,1,199
868,1,192
869,1,178
870,1,168
871,1,187
872,1,171
873,1,180
874,1,188
875,1,190
876,1,197
877,1,202
878,1,233
879,1,266
880,1,250
881,1,261
882,1,283
883,1,294
884,1,285
885,1,277
886,1,274
887,1,260
888,1,252
889,1,222
890,1,229
891,1,209
892,1,204
893,1,203
894,1,195
895,1,192
896,1,205
897,1,207
898,1,216
899,1,220
900,1,255
901,1,273
902,1,269
903,1,258
904,1,263
905,1,312
906,1,288
907,1,265
908,1,263
909,1,267
910,1,253
911,1,236
912,1,220
913,1,207
914,1,213
915,1,205
916,1,203
917,1,198
918,1,193
919,1,191
920,1,182
921,1,189
922,1,201
923,1,197
924,1,208
925,1,213
926,1,213
927,1,205
928,1,201
929,1,205
930,1,208
931,1,203
932,1,198
933,1,199
934,1,204
935,1,206
936,1,203
937,1,198
938,1,195
939,1,195
940,1,195
941,1,188
942,1,192
943,1,187
944,1,189
945,1,194
946,1,206
947,1,201
948,1,196
949,1,193
950,1,200
951,1,201
952,1,209
953,1,204
954,1,204
955,1,203
956,1,204
957,1,205
958,1,207
959,1,218
960,1,205
961,1,218
962,1,203
963,1,188
964,1,183
965,1,183
966,1,179
967,1,184
968,1,178
969,1,183
970,1,207
971,1,215
972,1,225
973,1,237
974,1,243
975,1,249
976,1,229
977,1,237
978,1,234
979,1,237
980,1,234
981,1,238
982,1,275
983,1,263
984,1,232
985,1,216
986,1,211
987,1,197
988,1,184
989,1,182
990,1,174
991,1,175
992,1,175
993,1,174
994,1,191
995,1,187
996,1,198
997,1,227
998,1,230
999,1,263
1000,1,289
1001,1,317
1002,1,304
1003,1,282
1004,1,261
1005,1,252
1006,1,246
1007,1,220
1008,1,214
1009,1,207
1010,1,199
1011,1,196
1012,1,180
1013,1,171
1014,1,167
1015,1,160
1016,1,166
1017,1,170
1018,1,177
1019,1,193
1020,1,218
1021,1,231
1022,1,239
1023,1,251
1024,1,270
1025,1,326
1026,1,356
1027,1,377
1028,1,380
1029,1,339
1030,1,326
1031,1,298
1032,1,287
1033,1,285
1034,1,273
1035,1,256
1036,1,243
1037,1,231
1038,1,223
1039,1,210
1040,1,208
1041,1,212
1042,1,205
1043,1,231
1044,1,251
1045,1,261
1046,1,269
1047,1,283
1048,1,335
1049,1,273
1050,1,354
1051,1,304
1052,1,284
1053,1,303
1054,1,286
1055,1,270
1056,1,297
1057,1,311
1058,1,285
1059,1,265
1060,1,220
1061,1,211
1062,1,202
1063,1,200
1064,1,186
1065,1,195
1066,1,201
1067,1,213
1068,1,223
1069,1,238
1070,1,252
1071,1,274
1072,1,276
1073,1,258
1074,1,288
1075,1,287
1076,1,265
1077,1,252
1078,1,242
1079,1,238
1080,1,218
1081,1,215
1082,1,218
1083,1,210
1084,1,192
1085,1,179
1086,1,181
1087,1,179
1088,1,186
1089,1,184
1090,1,194
1091,1,192
1092,1,201
1093,1,203
1094,1,208
1095,1,206
1096,1,207
1097,1,203
1098,1,195
1099,1,206
1100,1,199
1101,1,201
1102,1,196
1103,1,189
1104,1,192
1105,1,196
1106,1,201
1107,1,189
1108,1,186
1109,1,178
1110,1,179
1111,1,173
1112,1,169
1113,1,170
1114,1,166
1115,1,177
1116,1,183
1117,1,192
1118,1,184
1119,1,180
1120,1,188
1121,1,196
1122,1,205
1123,1,196
1124,1,203
1125,1,195
1126,1,192
1127,1,187
1128,1,196
1129,1,203
1130,1,213
1131,1,217
1132,1,202
1133,1,192
1134,1,181
1135,1,177
1136,1,179
1137,1,172
1138,1,188
1139,1,196
1140,1,213
1141,1,216
1142,1,239
1143,1,260
1144,1,294
1145,1,321
1146,1,333
1147,1,329
1148,1,317
1149,1,281
1150,1,267
1151,1,254
1152,1,237
1153,1,240
1154,1,228
1155,1,208
1156,1,194
1157,1,193
1158,1,197
1159,1,185
1160,1,194
1161,1,196
1162,1,202
1163,1,222
1164,1,234
1165,1,255
1166,1,286
1167,1,265
1168,1,283
1169,1,318
1170,1,326
1171,1,342
1172,1,355
1173,1,358
1174,1,328
1175,1,295
1176,1,284
1177,1,269
1178,1,253
1179,1,223
1180,1,217
1181,1,220
1182,1,208
1183,1,212
1184,1,216
1185,1,237
1186,1,239
1187,1,256
1188,1,247
1189,1,264
1190,1,286
1191,1,270
1192,1,283
1193,1,289
1194,1,324
1195,1,340
1196,1,336
1197,1,332
1198,1,323
1199,1,312
1200,1,302
1201,1,271
1202,1,272
1203,1,248
1204,1,231
1205,1,219
1206,1,209
1207,1,202
1208,1,204
1209,1,201
1210,1,211
1211,1,240
1212,1,239
1213,1,253
1214,1,246
1215,1,251
1216,1,250
1217,1,284
1218,1,275
1219,1,260
1220,1,261
1221,1,270
1222,1,229
1223,1,227
1224,1,220
1225,1,212
1226,1,205
1227,1,196
1228,1,180
1229,1,172
1230,1,167
1231,1,172
1232,1,182
1233,1,188
1234,1,196
1235,1,228
1236,1,225
1237,1,238
1238,1,247
1239,1,245
1240,1,263
1241,1,283
1242,1,273
1243,1,278
1244,1,280
1245,1,283
1246,1,285
1247,1,279
1248,1,254
1249,1,251
1250,1,200
1251,1,187
1252,1,171
1253,1,173
1254,1,168
1255,1,160
1256,1,159
1257,1,163
1258,1,174
1259,1,177
1260,1,182
1261,1,194
1262,1,189
1263,1,196
1264,1,200
1265,1,201
1266,1,200
1267,1,189
1268,1,188
1269,1,196
1270,1,188
1271,1,183
1272,1,183
1273,1,187
1274,1,176
1275,1,181
1276,1,163
1277,1,154
1278,1,155
1279,1,145
1280,1,138
1281,1,146
1282,1,152
1283,1,167
1284,1,166
1285,1,174
1286,1,176
1287,1,182
1288,1,177
1289,1,192
1290,1,176
1291,1,192
1292,1,190
1293,1,186
1294,1,189
1295,1,176
1296,1,179
1297,1,170
1298,1,174
1299,1,172
1300,1,171
1301,1,169
1302,1,166
1303,1,158
1304,1,149
1305,1,159
1306,1,162
1307,1,173
1308,1,185
1309,1,193
1310,1,204
1311,1,222
1312,1,217
1313,1,210
1314,1,203
1315,1,199
1316,1,215
1317,1,222
1318,1,204
1319,1,184
1320,1,172
1321,1,177
1322,1,170
1323,1,163
1324,1,152
1325,1,149
1326,1,146
1327,1,141
1328,1,149
1329,1,148
1330,1,158
1331,1,175
1332,1,185
1333,1,196
1334,1,177
1335,1,206
1336,1,209
1337,1,204
1338,1,207
1339,1,214
1340,1,206
1341,1,195
1342,1,191
1343,1,168
1344,1,170
1345,1,166
1346,1,162
1347,1,150
1348,1,138
1349,1,165
1350,1,165
1351,1,161
1352,1,137
1353,1,142
1354,1,155
1355,1,165
1356,1,173
1357,1,182
1358,1,185
1359,1,182
1360,1,184
1361,1,178
1362,1,173
1363,1,188
1364,1,203
1365,1,206
1366,1,188
1367,1,180
1368,1,169
1369,1,164
1370,1,164
1371,1,155
1372,1,168
1373,1,157
1374,1,148
1375,1,141
1376,1,140
1377,1,141
1378,1,147
1379,1,168
1380,1,165
1381,1,182
1382,1,205
1383,1,215
1384,1,212
1385,1,212
1386,1,176
1387,1,172
1388,1,222
1389,1,264
1390,1,261
1391,1,256
1392,1,220
1393,1,207
1394,1,191
1395,1,176
1396,1,192
1397,1,178
1398,1,168
1399,1,160
1400,1,155
1401,1,170
1402,1,175
1403,1,193
1404,1,227
1405,1,250
1406,1,253
1407,1,192
1408,1,218
1409,1,245
1410,1,251
1411,1,322
1412,1,317
1413,1,298
1414,1,275
1415,1,271
1416,1,262
1417,1,233
1418,1,212
1419,1,202
1420,1,183
1421,1,192
1422,1,172
1423,1,176
1424,1,153
1425,1,153
1426,1,162
1427,1,173
1428,1,173
1429,1,186
1430,1,190
1431,1,191
1432,1,227
1433,1,221
1434,1,230
1435,1,200
1436,1,190
1437,1,191
1438,1,200
1439,1,194
1440,1,198
1441,1,187
1442,1,187
1443,1,169
1444,1,168
1445,1,163
1446,1,152
1447,1,147
1448,1,147
1449,1,146
1450,1,154
1451,1,173
1452,1,172
1453,1,182
1454,1,186
1455,1,185
1456,1,213
1457,1,215
1458,1,219
1459,1,204
1460,1,214
1461,1,202
1462,1,207
1463,1,204
1464,1,201
1465,1,179
1466,1,178
1467,1,178
1468,1,148
1469,1,150
1470,1,154
1471,1,147
1472,1,150
1473,1,163
1474,1,163
1475,1,205
1476,1,215
1477,1,246
1478,1,250
1479,1,255
1480,1,304
1481,1,322
1482,1,331
1483,1,316
1484,1,282
1485,1,265
1486,1,248
1487,1,238
1488,1,220
1489,1,219
1490,1,206
1491,1,201
1492,1,196
1493,1,191
1494,1,188
1495,1,191
1496,1,184
1497,1,171
1498,1,185
1499,1,197
1500,1,201
1501,1,211
1502,1,225
1503,1,228
1504,1,249
1505,1,251
1506,1,268
1507,1,278
1508,1,271
1509,1,293
1510,1,241
1511,1,215
1512,1,184
1513,1,191
1514,1,187
1515,1,194
1516,1,186
1517,1,170
1518,1,164
1519,1,147
1520,1,152
1521,1,158
1522,1,180
1523,1,196
1524,1,193
1525,1,193
1526,1,224
1527,1,231
1528,1,324
1529,1,394
1530,1,471
1531,1,513
1532,1,491
1533,1,523
1534,1,453
1535,1,371
1536,1,316
1537,1,258
1538,1,211
1539,1,186
1540,1,169
1541,1,179
1542,1,172
1543,1,166
1544,1,175
1545,1,179
1546,1,202
1547,1,211
1548,1,219
1549,1,233
1550,1,242
1551,1,274
1552,1,251
1553,1,243
1554,1,243
1555,1,239
1556,1,249
1557,1,251
1558,1,242
1559,1,228
1560,1,172
1561,1,168
1562,1,182
1563,1,190
1564,1,174
1565,1,148
1566,1,146
1567,1,151
1568,1,170
1569,1,180
1570,1,195
1571,1,212
1572,1,214
1573,1,238
1574,1,250
1575,1,268
1576,1,257
1577,1,232
1578,1,255
1579,1,257
1580,1,268
1581,1,271
1582,1,253
1583,1,227
1584,1,225
1585,1,219
1586,1,223
1587,1,216
1588,1,208
1589,1,193
1590,1,184
1591,1,185
1592,1,189
1593,1,186
1594,1,215
1595,1,223
1596,1,228
1597,1,207
1598,1,213
1599,1,244
1600,1,242
1601,1,238
1602,1,197
1603,1,199
1604,1,199
1605,1,192
1606,1,195
1607,1,198
1608,1,204
1609,1,193
1610,1,192
1611,1,184
1612,1,182
1613,1,175
1614,1,176
1615,1,168
1616,1,154
1617,1,163
1618,1,169
1619,1,187
1620,1,173
1621,1,184
1622,1,187
1623,1,188
1624,1,184
1625,1,189
1626,1,192
1627,1,185
1628,1,196
1629,1,195
1630,1,193
1631,1,185
1632,1,190
1633,1,189
1634,1,210
1635,1,199
1636,1,178
1637,1,169
1638,1,160
1639,1,164
1640,1,161
1641,1,167
1642,1,172
1643,1,220
1644,1,254
1645,1,284
1646,1,318
1647,1,291
1648,1,259
1649,1,274
1650,1,312
1651,1,350
1652,1,362
1653,1,323
1654,1,295
1655,1,263
1656,1,277
1657,1,250
1658,1,235
1659,1,254
1660,1,232
1661,1,225
1662,1,225
1663,1,214
1664,1,215
1665,1,225
1666,1,230
1667,1,240
1668,1,291
1669,1,298
1670,1,303
1671,1,321
1672,1,333
1673,1,332
1674,1,338
1675,1,307
1676,1,321
1677,1,304
1678,1,277
1679,1,234
1680,1,238
1681,1,228
1682,1,221
1683,1,208
1684,1,181
1685,1,177
1686,1,162
1687,1,163
1688,1,174
1689,1,174
1690,1,205
1691,1,229
1692,1,256
1693,1,285
1694,1,312
1695,1,290
1696,1,311
1697,1,322
1698,1,323
1699,1,349
1700,1,351
1701,1,366
1702,1,329
1703,1,271
1704,1,261
1705,1,257
1706,1,268
1707,1,251
1708,1,243
1709,1,229
1710,1,189
1711,1,206
1712,1,216
1713,1,226
1714,1,232
1715,1,257
1716,1,240
1717,1,258
1718,1,268
1719,1,279
1720,1,275
1721,1,298
1722,1,299
1723,1,283
1724,1,305
1725,1,346
1726,1,355
1727,1,306
1728,1,237
1729,1,228
1730,1,221
1731,1,226
1732,1,216
1733,1,198
1734,1,153
1735,1,184
1736,1,196
1737,1,200
1738,1,207
1739,1,233
1740,1,229
1741,1,273
1742,1,279
1743,1,260
1744,1,258
1745,1,288
1746,1,333
1747,1,333
1748,1,375
1749,1,384
1750,1,316
1751,1,284
1752,1,275
1753,1,264
1754,1,267
1755,1,276
1756,1,247
1757,1,249
1758,1,240
1759,1,236
1760,1,239
1761,1,240
1762,1,246
1763,1,243
1764,1,245
1765,1,253
1766,1,256
1767,1,277
1768,1,291
1769,1,291
1770,1,286
1771,1,264
1772,1,254
1773,1,253
1774,1,252
1775,1,253
1776,1,251
1777,1,249
1778,1,257
1779,1,245
1780,1,240
1781,1,233
1782,1,225
1783,1,225
1784,1,224
1785,1,234
1786,1,247
1787,1,259
1788,1,262
1789,1,259
1790,1,251
1791,1,276
1792,1,277
1793,1,273
1794,1,257
1795,1,254
1796,1,262
1797,1,261
1798,1,256
1799,1,253
1800,1,257
1801,1,264
1802,1,268
1803,1,261
1804,1,251
1805,1,239
1806,1,231
1807,1,220
1808,1,214
1809,1,239
1810,1,249
1811,1,275
1812,1,276
1813,1,292
1814,1,337
1815,1,357
1816,1,370
1817,1,400
1818,1,468
1819,1,514
1820,1,483
1821,1,473
1822,1,432
1823,1,420
1824,1,388
1825,1,365
1826,1,325
1827,1,280
1828,1,253
1829,1,246
1830,1,235
1831,1,241
1832,1,251
1833,1,266
1834,1,260
1835,1,288
1836,1,301
1837,1,343
1838,1,383
1839,1,368
1840,1,359
1841,1,335
1842,1,300
1843,1,296
1844,1,289
1845,1,289
1846,1,259
1847,1,242
1848,1,212
1849,1,185
1850,1,182
1851,1,174
1852,1,173
1853,1,171
1854,1,167
1855,1,190
1856,1,209
1857,1,207
1858,1,209
1859,1,211
1860,1,221
1861,1,222
1862,1,263
1863,1,272
1864,1,276
1865,1,332
1866,1,356
1867,1,360
1868,1,360
1869,1,332
1870,1,294
1871,1,318
1872,1,386
1873,1,384
1874,1,328
1875,1,226
1876,1,186
1877,1,171
1878,1,159
1879,1,183
1880,1,193
1881,1,207
1882,1,213
1883,1,216
1884,1,246
1885,1,270
1886,1,306
1887,1,334
1888,1,348
1889,1,357
1890,1,587
1891,1,627
1892,1,785
1893,1,678
1894,1,612
1895,1,530
1896,1,486
1897,1,456
1898,1,426
1899,1,399
1900,1,395
1901,1,385
1902,1,380
1903,1,416
1904,1,422
1905,1,414
1906,1,399
1907,1,412
1908,1,450
1909,1,464
1910,1,480
1911,1,520
1912,1,558
1913,1,583
1914,1,670
1915,1,706
1916,1,497
1917,1,423
1918,1,341
1919,1,307
1920,1,270
1921,1,234
1922,1,222
1923,1,214
1924,1,198
1925,1,189
1926,1,177
1927,1,170
1928,1,162
1929,1,169
1930,1,178
1931,1,185
1932,1,189
1933,1,200
1934,1,200
1935,1,208
1936,1,212
1937,1,214
1938,1,196
1939,1,197
1940,1,255
1941,1,253
1942,1,253
1943,1,192
1944,1,196
1945,1,190
1946,1,189
1947,1,174
1948,1,172
1949,1,175
1950,1,166
1951,1,151
1952,1,146
1953,1,164
1954,1,170
1955,1,182
1956,1,184
1957,1,185
1958,1,194
1959,1,199
1960,1,202
1961,1,199
1962,1,209
1963,1,209
1964,1,221
1965,1,222
1966,1,222
1967,1,194
1968,1,197
1969,1,190
1970,1,191
1971,1,180
1972,1,175
1973,1,165
1974,1,173
1975,1,171
1976,1,164
1977,1,164
1978,1,183
1979,1,202
1980,1,267
1981,1,280
1982,1,361
1983,1,418
1984,1,474
1985,1,496
1986,1,522
1987,1,481
1988,1,515
1989,1,498
1990,1,477
1991,1,529
1992,1,511
1993,1,335
1994,1,296
1995,1,284
1996,1,259
1997,1,245
1998,1,236
1999,1,220
2000,1,212
2001,1,234
2002,1,247
2003,1,250
2004,1,256
2005,1,243
2006,1,269
2007,1,320
2008,1,300
2009,1,423
2010,1,421
2011,1,401
2012,1,437
2013,1,368
2014,1,371
2015,1,265
2016,1,251
2017,1,235
2018,1,208
2019,1,189
2020,1,180
2021,1,160
2022,1,160
2023,1,154
2024,1,159
2025,1,162
2026,1,165
2027,1,172
2028,1,191
2029,1,201
2030,1,252
2031,1,380
2032,1,423
2033,1,485
2034,1,484
2035,1,480
2036,1,610
2037,1,596
2038,1,507
2039,1,438
2040,1,449
2041,1,410
2042,1,381
2043,1,342
2044,1,295
2045,1,268
2046,1,246
2047,1,245
2048,1,250
2049,1,257
2050,1,262
2051,1,264
2052,1,285
2053,1,304
2054,1,322
2055,1,335
2056,1,350
2057,1,392
2058,1,507
2059,1,618
2060,1,615
2061,1,544
2062,1,435
2063,1,428
2064,1,383
2065,1,371
2066,1,263
2067,1,191
2068,1,170
2069,1,156
2070,1,150
2071,1,142
2072,1,141
2073,1,144
2074,1,155
2075,1,166
2076,1,189
2077,1,216
2078,1,304
2079,1,381
2080,1,355
2081,1,349
2082,1,388
2083,1,560
2084,1,571
2085,1,557
2086,1,448
2087,1,406
2088,1,330
2089,1,278
2090,1,226
2091,1,202
2092,1,158
2093,1,153
2094,1,152
2095,1,157
2096,1,148
2097,1,153
2098,1,154
2099,1,172
2100,1,182
2101,1,184
2102,1,188
2103,1,197
2104,1,195
2105,1,196
2106,1,191
2107,1,182
2108,1,229
2109,1,226
2110,1,221
2111,1,177
2112,1,178
2113,1,177
2114,1,169
2115,1,163
2116,1,164
2117,1,156
2118,1,154
2119,1,153
2120,1,147
2121,1,147
2122,1,155
2123,1,165
2124,1,168
2125,1,177
2126,1,187
2127,1,182
2128,1,190
2129,1,187
2130,1,183
2131,1,185
2132,1,216
2133,1,215
2134,1,214
2135,1,181
2136,1,173
2137,1,173
2138,1,171
2139,1,157
2140,1,145
2141,1,147
2142,1,144
2143,1,143
2144,1,146
2145,1,144
2146,1,162
2147,1,175
2148,1,187
2149,1,212
2150,1,297
2151,1,377
2152,1,406
2153,1,462
2154,1,430
2155,1,517
2156,1,525
2157,1,473
2158,1,384
2159,1,342
2160,1,286
2161,1,238
2162,1,211
2163,1,194
2164,1,173
2165,1,157
2166,1,168
2167,1,161
2168,1,159
2169,1,160
2170,1,171
2171,1,180
2172,1,201
2173,1,237
2174,1,366
2175,1,449
2176,1,511
2177,1,626
2178,1,574
2179,1,478
2180,1,603
2181,1,575
2182,1,500
2183,1,431
2184,1,399
2185,1,392
2186,1,288
2187,1,238
2188,1,208
2189,1,197
2190,1,218
2191,1,208
2192,1,214
2193,1,215
2194,1,302
2195,1,328
2196,1,406
2197,1,444
2198,1,494
2199,1,515
2200,1,551
2201,1,670
2202,1,623
2203,1,511
2204,1,541
2205,1,530
2206,1,507
2207,1,396
2208,1,325
2209,1,275
2210,1,267
2211,1,288
2212,1,255
2213,1,240
2214,1,190
2215,1,159
2216,1,172
2217,1,171
2218,1,174
2219,1,186
2220,1,200
2221,1,202
2222,1,311
2223,1,444
2224,1,511
2225,1,556
2226,1,505
2227,1,472
2228,1,497
2229,1,456
2230,1,450
2231,1,427
2232,1,302
2233,1,226
2234,1,216
2235,1,172
2236,1,138
2237,1,107
2238,1,117
2239,1,103
2240,1,112
2241,1,125
2242,1,134
2243,1,169
2244,1,197
2245,1,191
2246,1,214
2247,1,241
2248,1,231
2249,1,275
2250,1,253
2251,1,246
2252,1,318
2253,1,301
2254,1,462
2255,1,389
2256,1,198
2257,1,214
2258,1,212
2259,1,178
2260,1,131
2261,1,118
2262,1,112
2263,1,111
2264,1,111
2265,1,130
2266,1,133
2267,1,171
2268,1,181
2269,1,149
2270,1,144
2271,1,150
2272,1,153
2273,1,150
2274,1,146
2275,1,139
2276,1,183
2277,1,173
2278,1,172
2279,1,134
2280,1,148
2281,1,141
2282,1,148
2283,1,143
2284,1,126
2285,1,119
2286,1,104
2287,1,106
2288,1,98
2289,1,114
2290,1,120
2291,1,158
2292,1,177
2293,1,142
2294,1,141
2295,1,150
2296,1,154
2297,1,155
2298,1,148
2299,1,148
2300,1,141
2301,1,149
2302,3,152
2303,1,143
2304,1,137
2305,1,142
2306,1,145
2307,1,137
2308,1,125
2309,1,112
2310,1,118
2311,1,117
2312,1,121
2313,1,128
2314,1,140
2315,1,168
2316,1,176
2317,1,166
2318,1,209
2319,1,195
2320,1,220
2321,1,196
2322,1,178
2323,1,263
2324,1,388
2325,1,424
2326,1,371
2327,1,244
2328,1,242
2329,1,202
2330,1,188
2331,1,196
2332,1,161
2333,1,150
2334,1,138
2335,1,128
2336,1,145
2337,1,139
2338,1,159
2339,1,199
2340,1,204
2341,1,198
2342,1,230
2343,1,338
2344,1,406
2345,1,338
2346,1,361
2347,1,397
2348,1,409
2349,1,366
2350,1,306
2351,1,245
2352,1,229
2353,1,181
2354,1,164
2355,1,155
2356,1,145
2357,1,144
2358,1,130
2359,1,125
2360,1,131
2361,1,140
2362,1,133
2363,1,182
2364,1,195
2365,1,186
2366,1,208
2367,1,297
2368,1,299
2369,1,346
2370,1,303
2371,1,309
2372,1,379
2373,1,366
2374,1,319
2375,1,205
2376,1,194
2377,1,194
2378,1,189
2379,1,188
2380,1,162
2381,1,140
2382,1,115
2383,1,115
2384,1,114
2385,1,119
2386,1,131
2387,1,168
2388,1,183
2389,1,217
2390,1,226
2391,1,284
2392,1,254
2393,1,334
2394,1,345
2395,1,339
2396,1,391
2397,1,368
2398,1,304
2399,1,303
2400,1,264
2401,1,181
2402,1,162
2403,1,144
2404,1,136
2405,1,131
2406,1,127
2407,1,119
2408,1,101
2409,1,106
2410,1,122
2411,1,151
2412,1,168
2413,1,185
2414,1,192
2415,1,234
2416,1,237
2417,1,229
2418,1,190
2419,1,178
2420,1,211
2421,1,248
2422,1,233
2423,1,161
2424,1,162
2425,1,147
2426,1,138
2427,1,131
2428,1,117
2429,1,98
2430,1,92
2431,1,89
2432,1,89
2433,1,98
2434,1,101
2435,1,123
2436,1,145
2437,1,140
2438,1,151
2439,1,157
2440,1,167
2441,1,155
2442,1,156
2443,1,157
2444,1,192
2445,1,204
2446,1,195
2447,1,147
2448,1,148
2449,1,140
2450,1,138
2451,1,129
2452,1,137
2453,1,113
2454,1,111
2455,1,114
2456,1,112
2457,1,104
2458,1,115
2459,1,120
2460,1,142
2461,1,144
2462,1,154
2463,1,154
2464,1,152
2465,1,157
2466,1,158
2467,1,150
2468,1,153
2469,1,148
2470,1,152
2471,1,150
2472,1,147
2473,1,145
2474,1,143
2475,1,141
2476,1,121
2477,1,100
2478,1,92
2479,1,92
2480,1,97
2481,1,104
2482,1,107
2483,1,148
2484,1,164
2485,1,145
2486,1,274
2487,1,326
2488,1,351
2489,1,392
2490,1,416
2491,1,414
2492,1,361
2493,1,354
2494,1,330
2495,1,271
2496,1,224
2497,1,181
2498,1,176
2499,1,187
2500,1,159
2501,1,133
2502,1,119
2503,1,141
2504,1,137
2505,1,135
2506,1,129
2507,1,146
2508,1,170
2509,1,216
2510,1,275
2511,1,305
2512,1,359
2513,1,384
2514,1,394
2515,1,431
2516,1,446
2517,1,358
2518,1,268
2519,1,193
2520,1,241
2521,1,232
2522,1,217
2523,1,168
2524,1,148
2525,1,130
2526,1,131
2527,1,111
2528,1,113
2529,1,108
2530,1,128
2531,1,154
2532,1,188
2533,1,206
2534,1,277
2535,1,445
2536,1,454
2537,1,486
2538,1,485
2539,1,426
2540,1,495
2541,1,496
2542,1,441
2543,1,376
2544,1,297
2545,1,233
2546,1,235
2547,1,232
2548,1,205
2549,1,173
2550,1,142
2551,1,145
2552,1,136
2553,1,138
2554,1,145
2555,1,172
2556,1,199
2557,1,201
2558,1,322
2559,1,412
2560,1,405
2561,1,498
2562,1,484
2563,1,417
2564,1,436
2565,1,411
2566,1,344
2567,1,318
2568,1,284
2569,1,223
2570,1,201
2571,1,201
2572,1,176
2573,1,149
2574,1,139
2575,1,138
2576,1,134
2577,1,139
2578,1,143
2579,1,185
2580,1,221
2581,1,218
2582,1,243
2583,1,266
2584,1,278
2585,1,280
2586,1,239
2587,1,265
2588,1,251
2589,1,236
2590,1,203
2591,1,196
2592,1,192
2593,1,184
2594,1,177
2595,1,167
2596,1,158
2597,1,153
2598,1,145
2599,1,141
2600,1,139
2601,1,138
2602,1,139
2603,1,165
2604,1,171
2605,1,175
2606,1,187
2607,1,196
2608,1,179
2609,1,176
2610,1,175
2611,1,174
2612,1,177
2613,1,188
2614,1,188
2615,1,213
2616,1,223
2617,1,197
2618,1,188
2619,1,186
2620,1,160
2621,1,144
2622,1,134
2623,1,138
2624,1,125
2625,1,124
2626,1,134
2627,1,140
2628,1,154
2629,1,168
2630,1,173
2631,1,179
2632,1,181
2633,1,197
2634,1,177
2635,1,181
2636,1,187
2637,1,187
2638,1,187
2639,1,191
2640,1,194
2641,1,183
2642,1,182
2643,1,170
2644,1,149
2645,1,130
2646,1,116
2647,1,110
2648,1,112
2649,1,121
2650,1,129
2651,1,151
2652,1,179
2653,1,186
2654,1,221
2655,1,278
2656,1,301
2657,1,323
2658,1,278
2659,1,279
2660,1,326
2661,1,328
2662,1,313
2663,1,234
2664,1,231
2665,1,213
2666,1,221
2667,1,203
2668,1,178
2669,1,149
2670,1,131
2671,1,118
2672,1,124
2673,1,155
2674,1,185
2675,1,230
2676,1,252
2677,1,276
2678,1,324
2679,1,357
2680,1,450
2681,1,419
2682,1,476
2683,1,457
2684,1,478
2685,1,473
2686,1,454
2687,1,415
2688,1,391
2689,1,320
2690,1,297
2691,1,270
2692,1,250
2693,1,188
2694,1,114
2695,1,119
2696,1,170
2697,1,182
2698,1,172
2699,1,199
2700,1,210
2701,1,232
2702,1,451
2703,1,531
2704,1,564
2705,1,581
2706,1,606
2707,1,633
2708,1,623
2709,1,600
2710,1,539
2711,1,505
2712,1,397
2713,1,384
2714,1,358
2715,1,294
2716,1,203
2717,1,129
2718,1,158
2719,1,146
2720,1,173
2721,1,170
2722,1,169
2723,1,125
2724,1,160
2725,1,228
2726,1,357
2727,1,414
2728,1,451
2729,1,518
2730,1,469
2731,1,458
2732,1,490
2733,1,495
2734,1,487
2735,1,471
2736,1,434
2737,1,397
2738,1,356
2739,1,312
2740,1,230
2741,1,193
2742,1,164
2743,1,165
2744,1,156
2745,1,183
2746,1,209
2747,1,218
2748,1,242
2749,1,340
2750,1,432
2751,1,457
2752,1,505
2753,1,594
2754,1,595
2755,1,532
2756,1,474
2757,1,414
2758,1,374
2759,1,314
2760,1,270
2761,1,253
2762,1,239
2763,1,224
2764,1,176
2765,1,155
2766,1,128
2767,1,120
2768,1,121
2769,1,126
2770,1,132
2771,1,146
2772,1,179
2773,1,199
2774,1,185
2775,1,189
2776,1,211
2777,1,211
2778,1,205
2779,1,203
2780,1,193
2781,1,210
2782,1,232
2783,1,218
2784,1,213
2785,1,199
2786,1,206
2787,1,194
2788,1,158
2789,1,145
2790,1,135
2791,1,135
2792,1,132
2793,1,140
2794,1,144
2795,1,156
2796,1,168
2797,1,177
2798,1,192
2799,1,194
2800,1,205
2801,1,201
2802,1,191
2803,1,190
2804,1,187
2805,1,187
2806,1,187
2807,1,182
2808,1,225
2809,1,223
2810,1,202
2811,1,167
2812,1,160
2813,1,141
2814,1,138
2815,1,129
2816,1,128
2817,1,139
2818,1,145
2819,1,148
2820,1,203
2821,1,305
2822,1,402
2823,1,444
2824,1,470
2825,1,425
2826,1,417
2827,1,445
2828,1,440
2829,1,324
2830,1,313
2831,1,281
2832,1,278
2833,1,243
2834,1,222
2835,1,194
2836,1,155
2837,1,140
2838,1,129
2839,1,124
2840,1,118
2841,1,135
2842,1,178
2843,1,210
2844,1,245
2845,1,275
2846,1,334
2847,1,342
2848,1,336
2849,1,347
2850,1,272
2851,1,297
2852,1,364
2853,1,337
2854,1,267
2855,1,261
2856,1,240
2857,1,221
2858,1,213
2859,1,179
2860,1,149
2861,1,140
2862,1,127
2863,1,120
2864,1,123
2865,1,131
2866,1,172
2867,1,222
2868,1,260
2869,1,390
2870,1,468
2871,1,507
2872,1,510
2873,1,617
2874,1,578
2875,1,615
2876,1,557
2877,1,568
2878,1,530
2879,1,489
2880,1,439
2881,1,402
2882,1,342
2883,1,247
2884,1,194
2885,1,159
2886,1,139
2887,1,133
2888,1,138
2889,1,143
2890,1,156
2891,1,288
2892,1,356
2893,1,405
2894,1,524
2895,1,534
2896,1,456
2897,1,498
2898,1,502
2899,1,480
2900,1,448
2901,1,437
2902,1,399
2903,1,357
2904,1,307
2905,1,274
2906,1,253
2907,1,170
2908,1,134
2909,1,122
2910,1,121
2911,1,116
2912,1,113
2913,1,125
2914,1,147
2915,1,175
2916,1,214
2917,1,236
2918,1,296
2919,1,315
2920,1,341
2921,1,375
2922,1,360
2923,1,375
2924,1,367
2925,1,367
2926,1,351
2927,1,293
2928,1,314
2929,1,267
2930,1,251
2931,1,229
2932,1,186
2933,1,169
2934,1,161
2935,1,150
2936,1,153
2937,1,158
2938,1,154
2939,1,178
2940,1,217
2941,1,232
2942,1,257
2943,1,265
2944,1,259
2945,1,242
2946,1,237
2947,1,238
2948,1,223
2949,1,195
2950,1,184
2951,1,192
2952,1,241
2953,1,308
2954,1,286
2955,1,226
2956,1,144
2957,1,131
2958,1,126
2959,1,129
2960,1,154
2961,1,163
2962,1,165
2963,1,178
2964,1,199
2965,1,225
2966,1,241
2967,1,245
2968,1,271
2969,1,261
2970,1,276
2971,1,258
2972,1,257
2973,1,271
2974,1,291
2975,1,275
2976,1,254
2977,1,272
2978,1,251
2979,1,238
2980,1,199
2981,1,171
2982,1,154
2983,1,145
2984,1,154
2985,1,165
2986,1,179
2987,1,195
2988,1,276
2989,1,334
2990,1,403
2991,1,426
2992,1,481
2993,1,493
2994,1,494
2995,1,495
2996,1,532
2997,1,515
2998,1,528
2999,1,523
3000,1,455
3001,1,392
3002,1,362
3003,1,287
3004,1,235
3005,1,201
3006,1,154
3007,1,149
3008,1,171
3009,1,191
3010,1,241
3011,1,269
3012,1,318
3013,1,459
3014,1,425
3015,1,429
3016,1,519
3017,1,604
3018,1,629
3019,1,604
3020,1,582
3021,1,484
3022,1,454
3023,1,422
3024,1,439
3025,1,376
3026,1,310
3027,1,255
3028,1,218
3029,1,186
3030,1,166
3031,1,161
3032,1,169
3033,1,178
3034,1,170
3035,1,203
3036,1,261
3037,1,414
3038,1,464
3039,1,492
3040,1,518
3041,1,547
3042,1,593
3043,1,546
3044,1,464
3045,1,437
3046,1,389
3047,1,352
3048,1,359
3049,1,376
3050,1,345
3051,1,291
3052,1,227
3053,1,205
3054,1,178
3055,1,162
3056,1,174
3057,1,172
3058,1,170
3059,1,203
3060,1,265
3061,1,337
3062,1,383
3063,1,422
3064,1,403
3065,1,443
3066,1,429
3067,1,463
3068,1,467
3069,1,492
3070,1,546
3071,1,546
3072,1,482
3073,1,335
3074,1,303
3075,1,260
3076,1,222
3077,1,188
3078,1,165
3079,1,154
3080,1,147
3081,1,153
3082,1,159
3083,1,183
3084,1,231
3085,1,290
3086,1,405
3087,1,449
3088,1,496
3089,1,425
3090,1,430
3091,1,437
3092,1,416
3093,1,412
3094,1,376
3095,1,343
3096,1,356
3097,1,333
3098,1,316
3099,1,273
3100,1,237
3101,1,205
3102,1,179
3103,1,170
3104,1,168
3105,1,171
3106,1,181
3107,1,216
3108,1,254
3109,1,265
3110,1,287
3111,1,296
3112,1,288
3113,1,287
3114,1,326
3115,1,328
3116,1,330
3117,1,326
3118,1,327
3119,1,335
3120,1,318
3121,1,336
3122,1,316
3123,1,276
3124,1,228
3125,1,192
3126,1,175
3127,1,153
3128,1,160
3129,1,162
3130,1,159
3131,1,194
3132,1,222
3133,1,212
3134,1,219
3135,1,224
3136,1,223
3137,1,293
3138,1,295
3139,1,299
3140,1,288
3141,1,305
3142,1,297
3143,1,304
3144,1,287
3145,1,270
3146,1,268
3147,1,244
3148,1,216
3149,1,165
3150,1,153
3151,1,141
3152,1,152
3153,1,157
3154,1,170
3155,1,217
3156,1,279
3157,1,283
3158,1,305
3159,1,338
3160,1,371
3161,1,427
3162,1,423
3163,1,412
3164,1,377
3165,1,376
3166,1,351
3167,1,303
3168,1,313
3169,1,259
3170,1,191
3171,1,167
3172,1,143
3173,1,138
3174,1,129
3175,1,120
3176,1,113
3177,1,126
3178,1,135
3179,1,165
3180,1,196
3181,1,281
3182,1,274
3183,1,293
3184,1,320
3185,1,323
3186,1,296
3187,1,294
3188,1,266
3189,1,225
3190,1,205
3191,1,208
3192,1,204
3193,1,219
3194,1,203
3195,1,185
3196,1,148
3197,1,136
3198,1,131
3199,1,119
3200,1,120
3201,1,127
3202,1,158
3203,1,175
3204,1,199
3205,1,247
3206,1,295
3207,1,345
3208,1,359
3209,1,386
3210,1,490
3211,1,498
3212,1,444
3213,1,402
3214,1,293
3215,1,230
3216,1,204
3217,1,196
3218,1,177
3219,1,170
3220,1,139
3221,1,132
3222,1,137
3223,1,131
3224,1,122
3225,1,127
3226,1,140
3227,1,173
3228,1,261
3229,1,350
3230,1,336
3231,1,349
3232,1,339
3233,1,338
3234,1,304
3235,1,347
3236,1,362
3237,1,421
3238,1,382
3239,1,338
3240,1,240
3241,1,225
3242,1,199
3243,1,187
3244,1,170
3245,1,141
3246,1,137
3247,1,128
3248,1,125
3249,1,127
3250,1,136
3251,1,159
3252,1,195
3253,1,244
3254,1,281
3255,1,333
3256,1,337
3257,1,334
3258,1,234
3259,1,238
3260,1,256
3261,1,272
3262,1,241
3263,1,222
3264,1,214
3265,1,206
3266,1,195
3267,1,180
3268,1,155
3269,1,137
3270,1,131
3271,1,117
3272,1,111
3273,1,118
3274,1,118
3275,1,143
3276,1,171
3277,1,178
3278,1,176
3279,1,191
3280,1,185
3281,1,187
3282,1,201
3283,1,172
3284,1,180
3285,1,172
3286,1,180
3287,1,182
3288,1,192
3289,1,178
3290,1,176
3291,1,164
3292,1,153
3293,1,140
3294,1,131
3295,1,121
3296,1,119
3297,1,115
3298,1,125
3299,1,140
3300,1,169
3301,1,168
3302,1,177
3303,1,176
3304,1,185
3305,1,183
3306,1,190
3307,1,195
3308,1,182
3309,1,186
3310,1,191
3311,1,185
3312,1,182
3313,1,184
3314,1,179
3315,1,157
3316,1,132
3317,1,125
3318,1,115
3319,1,115
3320,1,115
3321,1,127
3322,1,131
3323,1,174
3324,1,218
3325,1,272
3326,1,254
3327,1,324
3328,1,314
3329,1,360
3330,1,321
3331,1,336
3332,1,341
3333,1,393
3334,1,361
3335,1,316
3336,1,280
3337,1,263
3338,1,246
3339,1,211
3340,1,180
3341,1,163
3342,1,138
3343,1,141
3344,1,131
3345,1,134
3346,1,164
3347,1,205
3348,1,251
3349,1,286
3350,1,361
3351,1,459
3352,1,503
3353,1,565
3354,1,604
3355,1,645
3356,1,610
3357,1,540
3358,1,433
3359,1,423
3360,1,448
3361,1,456
3362,1,395
3363,1,388
3364,1,326
3365,1,266
3366,1,181
3367,1,153
3368,1,133
3369,1,137
3370,1,136
3371,1,164
3372,1,199
3373,1,204
3374,1,257
3375,1,281
3376,1,346
3377,1,404
3378,1,366
3379,1,358
3380,1,364
3381,1,381
3382,1,361
3383,1,355
3384,1,320
3385,1,298
3386,1,283
3387,1,171
3388,1,150
3389,1,126
3390,1,124
3391,1,112
3392,1,118
3393,1,114
3394,1,108
3395,1,130
3396,1,161
3397,1,240
3398,1,307
3399,1,356
3400,1,391
3401,1,556
3402,1,586
3403,1,477
3404,1,449
3405,1,424
3406,1,422
3407,1,456
3408,1,434
3409,1,434
3410,1,416
3411,1,398
3412,1,349
3413,1,219
3414,1,189
3415,1,189
3416,1,176
3417,1,188
3418,1,192
3419,1,220
3420,1,258
3421,1,352
3422,1,523
3423,1,583
3424,1,601
3425,1,587
3426,1,533
3427,1,452
3428,1,393
3429,1,386
3430,1,373
3431,1,298
3432,1,245
3433,1,254
3434,1,249
3435,1,236
3436,1,181
3437,1,172
3438,1,167
3439,1,164
3440,1,155
3441,1,157
3442,1,172
3443,1,187
3444,1,209
3445,1,208
3446,1,214
3447,1,254
3448,1,245
3449,1,259
3450,1,231
3451,1,212
3452,1,213
3453,1,216
3454,1,210
3455,1,214
3456,1,217
3457,1,208
3458,1,199
3459,1,197
3460,1,187
3461,1,182
3462,1,163
3463,1,158
3464,1,161
3465,1,159
3466,1,166
3467,1,182
3468,1,193
3469,1,199
3470,1,207
3471,1,243
3472,1,254
3473,1,255
3474,1,213
3475,1,215
3476,1,210
3477,1,209
3478,1,218
3479,1,216
3480,1,216
3481,1,232
3482,1,216
3483,1,204
3484,1,183
3485,1,177
3486,1,169
3487,1,164
3488,1,160
3489,1,159
3490,1,168
3491,1,187
3492,1,201
3493,1,243
3494,1,259
3495,1,341
3496,1,354
3497,1,364
3498,1,274
3499,1,231
3500,1,258
3501,1,257
3502,1,242
3503,1,237
3504,1,237
3505,1,276
3506,1,246
3507,1,219
3508,1,202
3509,1,192
3510,1,169
3511,1,165
3512,1,160
3513,1,162
3514,1,171
3515,1,207
3516,1,258
3517,1,311
3518,1,434
3519,1,437
3520,1,458
3521,1,486
3522,1,544
3523,1,524
3524,1,490
3525,1,472
3526,1,462
3527,1,394
3528,1,391
3529,1,391
3530,1,379
3531,1,361
3532,1,289
3533,1,209
3534,1,166
3535,1,156
3536,1,162
3537,1,160
3538,1,195
3539,1,248
3540,1,337
3541,1,413
3542,1,433
3543,1,513
3544,1,733
3545,1,717
3546,1,703
3547,1,532
3548,1,531
3549,1,491
3550,1,503
3551,1,519
3552,1,439
3553,1,394
3554,1,363
3555,1,335
3556,1,261
3557,1,213
3558,1,178
3559,1,184
3560,1,184
3561,1,178
3562,1,169
3563,1,238
3564,1,295
3565,1,335
3566,1,366
3567,1,407
3568,1,482
3569,1,535
3570,1,523
3571,1,584
3572,1,663
3573,1,731
3574,1,672
3575,1,678
3576,1,627
3577,1,496
3578,1,463
3579,1,438
3580,1,315
3581,1,252
3582,1,199
3583,1,183
3584,1,177
3585,1,171
3586,1,176
3587,1,208
3588,1,298
3589,1,495
3590,1,560
3591,1,536
3592,1,564
3593,1,616
3594,1,553
3595,1,539
3596,1,453
3597,1,430
3598,1,403
3599,1,380
3600,1,384
3601,1,371
3602,1,361
3603,1,343
3604,1,295
3605,1,242
3606,1,217
3607,1,189
3608,1,182
3609,1,184
3610,1,188
3611,1,228
3612,1,267
3613,1,284
3614,1,309
3615,1,320
3616,1,317
3617,1,317
3618,1,323
3619,1,321
3620,1,313
3621,1,325
3622,1,321
3623,1,319
3624,1,334
3625,1,328
3626,1,317
3627,1,297
3628,1,259
3629,1,228
3630,1,194
3631,1,177
3632,1,180
3633,1,179
3634,1,183
3635,1,209
3636,1,243
3637,1,274
3638,1,287
3639,1,307
3640,1,313
3641,1,307
3642,2,319
3643,1,312
3644,1,317
3645,2,322
3646,1,337
3647,1,337
3648,1,348
3649,1,335
3650,1,326
3651,1,308
3652,1,250
3653,1,223
3654,1,197
3655,1,188
3656,1,182
3657,1,187
3658,1,203
3659,1,238
3660,1,301
3661,1,365
3662,1,422
3663,1,422
3664,1,395
3665,1,433
3666,1,399
3667,1,404
3668,1,409
3669,1,420
3670,1,405
3671,1,400
3672,1,407
3673,1,391
3674,1,369
3675,1,337
3676,1,257
3677,1,227
3678,1,200
3679,1,195
3680,1,201
3681,1,204
3682,1,223
3683,1,272
3684,1,307
3685,1,381
3686,1,391
3687,1,381
3688,1,418
3689,1,414
3690,1,456
3691,1,446
3692,1,406
3693,1,416
3694,1,417
3695,1,410
3696,1,419
3697,1,395
3698,1,363
3699,1,337
3700,1,274
3701,1,227
3702,1,217
3703,1,200
3704,1,195
3705,1,201
3706,1,225
3707,1,254
3708,1,319
3709,1,333
3710,1,353
3711,1,356
3712,1,349
3713,1,355
3714,1,391
3715,1,349
3716,1,329
3717,1,350
3718,1,340
3719,1,319
3720,1,336
3721,1,315
3722,1,297
3723,1,264
3724,1,234
3725,1,197
3726,1,184
3727,1,177
3728,1,173
3729,1,174
3730,1,197
3731,1,225
3732,1,280
3733,1,288
3734,1,304
3735,1,320
3736,1,319
3737,1,327
3738,1,318
3739,1,354
3740,1,335
3741,1,334
3742,1,320
3743,1,326
3744,1,321
3745,1,301
3746,1,296
3747,1,269
3748,1,235
3749,1,190
3750,1,185
3751,1,178
3752,1,181
3753,1,180
3754,1,205
3755,1,248
3756,1,286
3757,1,340
3758,1,376
3759,1,363
3760,1,375
3761,1,336
3762,1,329
3763,1,328
3764,1,323
3765,1,319
3766,1,309
3767,1,304
3768,1,309
3769,1,268
3770,1,196
3771,1,193
3772,1,169
3773,1,154
3774,1,145
3775,1,137
3776,1,135
3777,1,149
3778,1,148
3779,1,161
3780,1,182
3781,1,189
3782,1,187
3783,1,195
3784,1,206
3785,1,205
3786,1,204
3787,1,206
3788,1,204
3789,1,203
3790,1,205
3791,1,207
3792,1,209
3793,1,207
3794,1,205
3795,1,184
3796,1,165
3797,1,157
3798,1,143
3799,1,139
3800,1,136
3801,1,133
3802,1,136
3803,1,152
3804,1,168
3805,1,181
3806,1,189
3807,1,203
3808,1,197
3809,1,206
3810,1,202
3811,1,196
3812,1,204
3813,1,202
3814,1,216
3815,1,199
3816,1,207
3817,1,215
3818,1,193
3819,1,177
3820,1,169
3821,1,148
3822,1,133
3823,1,135
3824,1,133
3825,1,134
3826,1,144
3827,1,214
3828,1,294
3829,1,323
3830,1,366
3831,1,324
3832,1,377
3833,1,396
3834,1,389
3835,1,399
3836,1,392
3837,1,381
3838,1,357
3839,1,353
3840,1,350
3841,1,341
3842,1,328
3843,1,259
3844,1,218
3845,1,189
3846,1,172
3847,1,166
3848,1,160
3849,1,164
3850,1,171
3851,1,193
3852,1,243
3853,1,280
3854,1,316
3855,1,317
3856,1,329
3857,1,400
3858,1,485
3859,1,497
3860,1,465
3861,1,361
3862,1,321
3863,1,272
3864,1,299
3865,1,303
3866,1,269
3867,1,250
3868,1,226
3869,1,197
3870,1,180
3871,1,171
3872,1,171
3873,1,174
3874,1,184
3875,1,209
3876,1,231
3877,1,281
3878,1,321
3879,1,352
3880,1,430
3881,1,462
3882,1,530
3883,1,464
3884,1,454
3885,1,308
3886,1,303
3887,1,256
3888,1,247
3889,1,236
3890,1,226
3891,1,202
3892,1,190
3893,1,171
3894,1,157
3895,1,146
3896,1,141
3897,1,144
3898,1,159
3899,1,180
3900,1,205
3901,1,239
3902,1,281
3903,1,301
3904,1,329
3905,1,368
3906,1,410
3907,1,426
3908,1,409
3909,1,343
3910,1,341
3911,1,330
3912,1,304
3913,1,280
3914,1,244
3915,1,233
3916,1,204
3917,1,179
3918,1,166
3919,1,158
3920,1,154
3921,1,159
3922,1,155
3923,1,206
3924,1,242
3925,1,232
3926,1,252
3927,1,308
3928,1,296
3929,1,296
3930,1,214
3931,1,222
3932,1,227
3933,1,219
3934,1,226
3935,1,218
3936,1,208
3937,1,207
3938,1,194
3939,1,186
3940,1,180
3941,1,165
3942,1,162
3943,1,155
3944,1,160
3945,1,188
3946,1,187
3947,1,232
3948,1,240
3949,1,245
3950,1,276
3951,1,273
3952,1,263
3953,1,272
3954,1,268
3955,1,274
3956,1,262
3957,1,270
3958,1,277
3959,1,268
3960,1,271
3961,1,248
3962,1,213
3963,1,198
3964,1,189
3965,1,181
3966,1,176
3967,1,176
3968,1,172
3969,1,172
3970,1,179
3971,1,199
3972,1,204
3973,1,203
3974,1,209
3975,1,218
3976,1,219
3977,1,228
3978,1,228
3979,1,213
3980,1,225
3981,1,221
3982,1,220
3983,1,222
3984,1,234
3985,1,219
3986,1,223
3987,1,202
3988,1,187
3989,1,180
3990,1,168
3991,1,169
3992,1,176
3993,1,170
3994,1,181
3995,1,207
3996,1,232
3997,1,238
3998,1,249
3999,1,322
4000,1,331
4001,1,336
4002,1,264
4003,1,525
4004,1,561
4005,1,597
4006,1,430
4007,1,304
4008,1,271
4009,1,252
4010,1,247
4011,1,220
4012,1,186
4013,1,156
4014,1,141
4015,1,140
4016,1,138
4017,1,150
4018,1,159
4019,1,267
4020,1,300
4021,1,336
4022,1,314
4023,1,345
4024,1,439
4025,1,516
4026,1,519
4027,1,526
4028,1,581
4029,1,508
4030,1,518
4031,1,438
4032,1,353
4033,1,365
4034,1,344
4035,1,264
4036,1,223
4037,1,192
4038,1,180
4039,1,180
4040,1,176
4041,1,191
4042,1,190
4043,1,221
4044,1,282
4045,1,245
4046,1,395
4047,1,386
4048,1,465
4049,1,529
4050,1,501
4051,1,467
4052,1,557
4053,1,468
4054,1,400
4055,1,324
4056,1,298
4057,1,322
4058,1,287
4059,1,264
4060,1,205
4061,1,184
4062,1,173
4063,1,191
4064,1,203
4065,1,196
4066,1,192
4067,1,229
4068,1,321
4069,1,375
4070,1,407
4071,1,451
4072,1,479
4073,1,557
4074,1,471
4075,1,423
4076,1,438
4077,1,521
4078,1,487
4079,1,404
4080,1,342
4081,1,340
4082,1,296
4083,1,290
4084,1,256
4085,1,274
4086,1,248
4087,1,213
4088,1,207
4089,1,206
4090,1,225
4091,1,255
4092,1,307
4093,1,405
4094,1,588
4095,1,570
4096,1,590
4097,1,452
4098,1,491
4099,1,408
4100,1,382
4101,1,357
4102,1,365
4103,1,321
4104,1,287
4105,1,282
4106,1,272
4107,1,272
4108,1,265
4109,1,264
4110,1,259
4111,1,258
4112,1,259
4113,1,256
4114,1,264
4115,1,255
4116,1,257
4117,1,261
4118,1,269
4119,1,301
4120,1,282
4121,1,288
4122,1,283
4123,1,286
4124,1,293
4125,1,284
4126,1,284
4127,1,277
4128,1,282
4129,1,277
4130,1,280
4131,1,274
4132,1,275
4133,1,282
4134,1,263
4135,1,254
4136,1,257
4137,1,264
4138,1,266
4139,1,255
4140,1,240
4141,1,252
4142,1,254
4143,1,264
4144,1,270
4145,1,272
4146,1,277
4147,1,275
4148,1,262
4149,1,268
4150,1,257
4151,1,270
4152,1,275
4153,1,261
4154,1,253
4155,1,245
4156,1,230
4157,1,226
4158,1,227
4159,1,222
4160,1,223
4161,1,237
4162,1,229
4163,1,243
4164,1,271
4165,1,330
4166,1,414
4167,1,422
4168,1,428
4169,1,488
4170,1,487
4171,1,482
4172,1,395
4173,1,369
4174,1,336
4175,1,317
4176,1,318
4177,1,278
4178,1,259
4179,1,212
4180,1,202
4181,1,178
4182,1,167
4183,1,166
4184,1,176
4185,1,197
4186,1,213
4187,1,227
4188,1,306
4189,1,347
4190,1,374
4191,1,358
4192,1,407
4193,1,432
4194,1,408
4195,1,420
4196,1,464
4197,1,449
4198,1,413
4199,1,287
4200,1,270
4201,1,273
4202,1,262
4203,1,253
4204,1,220
4205,1,205
4206,1,184
4207,1,171
4208,1,194
4209,1,199
4210,1,214
4211,1,242
4212,1,309
4213,1,347
4214,1,372
4215,1,350
4216,1,351
4217,1,471
4218,1,492
4219,1,417
4220,1,388
4221,1,383
4222,1,333
4223,1,320
4224,1,346
4225,1,348
4226,1,358
4227,1,325
4228,1,295
4229,1,252
4230,1,195
4231,1,179
4232,1,184
4233,1,188
4234,1,182
4235,1,213
4236,1,306
4237,1,392
4238,1,370
4239,1,354
4240,1,402
4241,1,408
4242,1,426
4243,1,465
4244,1,444
4245,1,442
4246,1,418
4247,1,420
4248,1,305
4249,1,319
4250,1,309
4251,1,254
4252,1,225
4253,1,208
4254,1,192
4255,1,184
4256,1,181
4257,1,190
4258,1,197
4259,1,240
4260,1,285
4261,1,311
4262,1,334
4263,1,327
4264,1,441
4265,1,437
4266,1,411
4267,1,400
4268,1,383
4269,1,370
4270,1,339
4271,1,339
4272,1,324
4273,1,338
4274,1,341
4275,1,239
4276,1,179
4277,1,154
4278,1,150
4279,1,144
4280,1,167
4281,1,177
4282,1,178
4283,1,173
4284,1,205
4285,1,239
4286,1,264
4287,1,282
4288,1,288
4289,1,308
4290,1,228
4291,1,227
4292,1,233
4293,1,247
4294,1,256
4295,1,234
4296,1,257
4297,1,276
4298,1,252
4299,1,219
4300,1,190
4301,1,168
4302,1,161
4303,1,152
4304,1,156
4305,1,166
4306,1,171
4307,1,178
4308,1,195
4309,1,203
4310,1,216
4311,1,255
4312,1,264
4313,1,269
4314,1,234
4315,1,221
4316,1,235
4317,1,228
4318,1,235
4319,1,226
4320,1,245
4321,1,230
4322,1,220
4323,1,204
4324,1,182
4325,1,166
4326,1,161
4327,1,152
4328,1,152
4329,1,159
4330,1,164
4331,1,180
4332,1,275
4333,1,473
4334,1,563
4335,1,636
4336,1,571
4337,1,538
4338,1,533
4339,1,580
4340,1,617
4341,1,519
4342,1,456
4343,1,411
4344,1,407
4345,1,387
4346,1,357
4347,1,266
4348,1,203
4349,1,193
4350,1,174
4351,1,159
4352,1,158
4353,1,176
4354,1,198
4355,1,257
4356,1,300
4357,1,323
4358,1,438
4359,1,598
4360,1,663
4361,1,810
4362,1,793
4363,1,768
4364,1,807
4365,1,792
4366,1,631
4367,1,516
4368,1,463
4369,1,429
4370,1,414
4371,1,352
4372,1,296
4373,1,246
4374,1,229
4375,1,217
4376,1,218
4377,1,218
4378,1,225
4379,1,282
4380,1,335
4381,1,472
4382,1,471
4383,1,480
4384,1,674
4385,1,822
4386,1,652
4387,1,744
4388,1,690
4389,1,893
4390,1,1153
4391,1,1081
4392,1,1021
4393,1,1018
4394,1,816
4395,1,759
4396,1,701
4397,1,643
4398,1,608
4399,1,614
4400,1,566
4401,1,562
4402,1,561
4403,1,606
4404,1,648
4405,1,726
4406,1,745
4407,1,755
4408,1,761
4409,1,797
4410,1,845
4411,1,851
4412,1,861
4413,1,842
4414,1,825
4415,1,1177
4416,1,1161
4417,1,1163
4418,1,1162
4419,1,1159
4420,1,1172
4421,1,1246
4422,1,1210
4423,1,1205
4424,1,1207
4425,1,1209
4426,1,1210
4427,1,1210
4428,1,1211
4429,1,1228
4430,1,1228
4431,1,1215
4432,1,1207
4433,1,1198
4434,1,1170
4435,1,1165
4436,1,1168
4437,1,1152
4438,1,1149
4439,1,1154
4440,1,1152
4441,1,1152
4442,1,1148
4443,1,1144
4444,1,1074
4445,1,1020
4446,1,997
4447,1,990
4448,1,996
4449,1,996
4450,1,994
4451,1,995
4452,1,1015
4453,1,1013
4454,1,1033
4455,1,1030
4456,1,946
4457,1,925
4458,1,933
4459,1,907
4460,1,912
4461,1,912
4462,1,912
4463,1,924
4464,1,922
4465,1,898
4466,1,888
4467,1,831
4468,1,768
4469,1,727
4470,1,695
4471,1,674
4472,1,649
4473,1,634
4474,1,622
4475,1,625
4476,1,642
4477,1,663
4478,1,708
4479,1,753
4480,1,775
4481,1,790
4482,1,794
4483,1,792
4484,1,806
4485,1,831
4486,1,831
4487,1,834
4488,1,827
4489,1,792
4490,1,785
4491,1,750
4492,1,681
4493,1,660
4494,1,640
4495,1,609
4496,1,594
4497,1,584
4498,1,576
4499,1,591
4500,1,686
4501,1,804
4502,1,828
4503,1,872
4504,1,923
4505,1,992
4506,1,962
4507,1,1009
4508,1,1028
4509,1,1009
4510,1,954
4511,1,957
4512,1,943
4513,1,927
4514,1,905
4515,1,884
4516,1,769
4517,1,664
4518,1,617
4519,1,591
4520,1,571
4521,1,562
4522,1,562
4523,1,601
4524,1,675
4525,1,779
4526,1,875
4527,1,907
4528,1,952
4529,1,955
4530,1,958
4531,1,935
4532,1,775
4533,1,750
4534,1,732
4535,1,735
4536,1,702
4537,1,689
4538,1,697
4539,1,655
4540,1,635
4541,1,592
4542,1,555
4543,1,504
4544,1,474
4545,1,454
4546,1,469
4547,1,503
4548,1,553
4549,1,654
4550,1,763
4551,1,825
4552,1,1017
4553,1,1045
4554,1,1025
4555,1,909
4556,1,680
4557,1,477
4558,1,561
4559,1,504
4560,1,429
4561,1,375
4562,1,291
4563,1,255
4564,1,211
4565,1,174
4566,1,148
4567,1,144
4568,1,131
4569,1,129
4570,1,128
4571,1,158
4572,1,223
4573,1,310
4574,1,566
4575,1,586
4576,1,652
4577,1,530
4578,1,482
4579,1,685
4580,1,722
4581,1,714
4582,1,604
4583,1,598
4584,1,480
4585,1,414
4586,1,341
4587,1,246
4588,1,189
4589,1,169
4590,1,156
4591,1,146
4592,1,141
4593,1,154
4594,1,171
4595,1,190
4596,1,228
4597,1,418
4598,1,541
4599,1,527
4600,1,528
4601,1,480
4602,1,535
4603,1,462
4604,1,466
4605,1,500
4606,1,412
4607,1,376
4608,1,350
4609,1,335
4610,1,259
4611,1,200
4612,1,168
4613,1,154
4614,1,138
4615,1,130
4616,1,137
4617,1,156
4618,1,169
4619,1,173
4620,1,191
4621,1,204
4622,1,213
4623,1,251
4624,1,231
4625,1,240
4626,1,213
4627,1,210
4628,1,208
4629,1,208
4630,1,202
4631,1,203
4632,1,206
4633,1,206
4634,1,206
4635,1,190
4636,1,172
4637,1,156
4638,1,138
4639,1,127
4640,1,126
4641,1,143
4642,1,145
4643,1,152
4644,1,167
4645,1,185
4646,1,188
4647,1,204
4648,1,199
4649,1,218
4650,1,218
4651,1,210
4652,1,204
4653,1,207
4654,1,225
4655,1,212
4656,1,221
4657,1,214
4658,1,207
4659,1,191
4660,1,193
4661,1,200
4662,1,178
4663,1,142
4664,1,138
4665,1,145
4666,1,149
4667,1,224
4668,1,304
4669,1,585
4670,1,710
4671,1,795
4672,1,787
4673,1,819
4674,1,804
4675,1,757
4676,1,738
4677,1,665
4678,1,625
4679,1,533
4680,1,523
4681,1,473
4682,1,435
4683,1,371
4684,1,282
4685,1,220
4686,1,144
4687,1,149
4688,1,164
4689,1,172
4690,1,203
4691,1,261
4692,1,349
4693,1,473
4694,1,566
4695,1,601
4696,1,599
4697,1,714
4698,1,784
4699,1,859
4700,1,858
4701,1,897
4702,1,929
4703,1,913
4704,1,774
4705,1,694
4706,1,564
4707,1,493
4708,1,405
4709,1,309
4710,1,269
4711,1,279
4712,1,275
4713,1,260
4714,1,254
4715,1,294
4716,1,538
4717,1,638
4718,1,587
4719,1,723
4720,1,855
4721,1,1091
4722,1,1166
4723,1,1116
4724,1,1069
4725,1,1014
4726,1,907
4727,1,772
4728,1,735
4729,1,615
4730,1,528
4731,1,381
4732,1,255
4733,1,209
4734,1,158
4735,1,138
4736,1,137
4737,1,156
4738,1,196
4739,1,215
4740,1,355
4741,1,678
4742,1,672
4743,1,624
4744,1,648
4745,1,751
4746,1,695
4747,1,747
4748,1,727
4749,1,649
4750,1,697
4751,1,691
4752,1,700
4753,1,672
4754,1,588
4755,1,485
4756,1,332
4757,1,199
4758,1,166
4759,1,173
4760,1,181
4761,1,205
4762,1,187
4763,1,268
4764,1,446
4765,1,524
4766,1,549
4767,1,567
4768,1,617
4769,1,840
4770,1,861
4771,1,818
4772,1,646
4773,1,574
4774,1,489
4775,1,406
4776,1,368
4777,1,324
4778,1,286
4779,1,263
4780,1,221
4781,1,187
4782,1,173
4783,1,157
4784,1,165
4785,1,179
4786,1,185
4787,1,204
4788,1,231
4789,1,265
4790,1,293
4791,1,275
4792,1,282
4793,1,283
4794,1,282
4795,1,286
4796,1,289
4797,1,285
4798,1,292
4799,1,280
4800,1,294
4801,1,287
4802,1,271
4803,1,254
4804,1,216
4805,1,188
4806,1,175
4807,1,161
4808,1,173
4809,1,181
4810,1,188
4811,1,194
4812,1,218
4813,1,240
4814,1,261
4815,1,278
4816,1,299
4817,1,276
4818,1,293
4819,1,272
4820,1,289
4821,1,289
4822,1,297
4823,1,293
4824,1,300
4825,1,312
4826,1,311
4827,1,286
4828,1,241
4829,1,211
4830,1,195
4831,1,173
4832,1,182
4833,1,190
4834,1,202
4835,1,226
4836,1,364
4837,1,529
4838,1,821
4839,1,900
4840,1,1330
4841,1,1054
4842,1,1138
4843,1,1074
4844,1,954
4845,1,823
4846,1,763
4847,1,711
4848,1,680
4849,1,533
4850,1,440
4851,1,377
4852,1,266
4853,1,225
4854,1,203
4855,1,181
4856,1,194
4857,1,203
4858,1,212
4859,1,394
4860,1,477
4861,1,497
4862,1,497
4863,1,495
4864,1,536
4865,1,602
4866,1,599
4867,1,668
4868,1,733
4869,1,713
4870,1,713
4871,1,628
4872,1,597
4873,1,460
4874,1,424
4875,1,386
4876,1,370
4877,1,279
4878,1,252
4879,1,222
4880,1,240
4881,1,240
4882,1,246
4883,1,338
4884,1,500
4885,1,566
4886,1,634
4887,1,615
4888,1,644
4889,1,695
4890,1,849
4891,1,818
4892,1,671
4893,1,637
4894,1,627
4895,1,540
4896,1,483
4897,1,443
4898,1,342
4899,1,326
4900,1,272
4901,1,250
4902,1,214
4903,1,206
4904,1,250
4905,1,249
4906,1,304
4907,1,317
4908,1,458
4909,1,529
4910,1,690
4911,1,704
4912,1,858
4913,1,839
4914,1,858
4915,1,709
4916,1,771
4917,1,775
4918,1,771
4919,1,743
4920,1,684
4921,1,644
4922,1,514
4923,1,411
4924,1,302
4925,1,241
4926,1,170
4927,1,163
4928,1,149
4929,2,171
4930,1,176
4931,1,188
4932,1,228
4933,1,355
4934,1,366
4935,1,415
4936,1,497
4937,1,544
4938,1,583
4939,1,523
4940,1,578
4941,1,566
4942,1,567
4943,1,515
4944,1,438
4945,1,269
4946,1,216
4947,1,212
4948,1,182
4949,1,167
4950,1,152
4951,1,134
4952,1,133
4953,1,137
4954,1,152
4955,1,158
4956,1,177
4957,1,198
4958,1,209
4959,1,212
4960,1,215
4961,1,216
4962,1,212
4963,1,215
4964,1,215
4965,1,219
4966,1,220
4967,1,221
4968,1,214
4969,1,204
4970,1,197
4971,1,189
4972,1,171
4973,1,166
4974,1,145
4975,1,136
4976,1,130
4977,1,137
4978,1,141
4979,1,156
4980,1,176
4981,1,187
4982,1,197
4983,1,201
4984,1,203
4985,1,212
4986,1,209
4987,1,208
4988,1,207
4989,1,212
4990,1,245
4991,1,255
4992,1,330
4993,1,317
4994,1,314
4995,1,312
4996,1,241
4997,1,236
4998,1,230
4999,1,229
5000,1,229
5001,1,230
5002,1,235
5003,1,252
5004,1,277
5005,1,273
5006,1,491
5007,1,664
5008,1,702
5009,1,850
5010,1,884
5011,1,856
5012,1,718
5013,1,587
5014,1,520
5015,1,407
5016,1,390
5017,1,462
5018,1,453
5019,1,400
5020,1,289
5021,1,260
5022,1,248
5023,1,236
5024,1,230
5025,1,223
5026,1,232
5027,1,261
5028,1,326
5029,1,365
5030,1,398
5031,1,452
5032,1,465
5033,1,491
5034,1,545
5035,1,532
5036,1,534
5037,1,536
5038,1,483
5039,1,503
5040,1,404
5041,1,391
5042,1,368
5043,1,314
5044,1,258
5045,1,257
5046,1,238
5047,1,225
5048,1,261
5049,1,260
5050,1,284
5051,1,282
5052,1,436
5053,1,487
5054,1,499
5055,1,546
5056,1,747
5057,1,1003
5058,1,1047
5059,1,963
5060,1,896
5061,1,845
5062,1,768
5063,1,705
5064,1,520
5065,1,522
5066,1,482
5067,1,443
5068,1,426
5069,1,376
5070,1,299
5071,1,292
5072,1,280
5073,1,282
5074,1,351
5075,1,449
5076,1,686
5077,1,776
5078,1,786
5079,1,803
5080,1,895
5081,1,860
5082,1,911
5083,1,916
5084,1,944
5085,1,868
5086,1,887
5087,1,684
5088,1,625
5089,1,502
5090,1,433
5091,1,397
5092,1,286
5093,1,217
5094,1,203
5095,1,191
5096,1,190
5097,1,172
5098,1,227
5099,1,330
5100,1,583
5101,1,599
5102,1,633
5103,1,635
5104,1,650
5105,1,630
5106,1,637
5107,1,597
5108,1,656
5109,1,653
5110,1,614
5111,1,555
5112,1,497
5113,1,382
5114,1,312
5115,1,243
5116,1,184
5117,1,159
5118,1,140
5119,1,139
5120,1,137
5121,1,142
5122,1,152
5123,1,166
5124,1,180
5125,1,202
5126,1,217
5127,1,216
5128,1,221
5129,1,218
5130,1,227
5131,1,226
5132,1,220
5133,1,216
5134,1,220
5135,1,236
5136,1,221
5137,1,214
5138,1,204
5139,1,192
5140,1,175
5141,1,157
5142,1,152
5143,1,138
5144,1,138
5145,1,146
5146,1,143
5147,1,169
5148,1,201
5149,1,241
5150,1,292
5151,1,249
5152,1,229
5153,1,239
5154,1,221
5155,1,249
5156,1,247
5157,1,246
5158,1,214
5159,1,221
5160,1,226
5161,1,216
5162,1,205
5163,1,190
5164,1,173
5165,1,155
5166,1,148
5167,1,145
5168,1,147
5169,1,143
5170,1,156
5171,1,170
5172,1,198
5173,1,243
5174,1,328
5175,1,445
5176,1,505
5177,1,678
5178,1,717
5179,1,646
5180,1,649
5181,1,601
5182,1,594
5183,1,518
5184,1,466
5185,1,446
5186,1,361
5187,1,330
5188,1,324
5189,1,254
5190,1,208
5191,1,185
5192,1,181
5193,1,187
5194,1,219
5195,1,236
5196,1,267
5197,1,379
5198,1,567
5199,1,492
5200,1,528
5201,1,611
5202,1,719
5203,1,666
5204,1,629
5205,1,459
5206,1,438
5207,1,463
5208,1,461
5209,1,431
5210,1,298
5211,1,253
5212,1,194
5213,1,218
5214,1,200
5215,1,191
5216,1,168
5217,1,168
5218,1,171
5219,1,213
5220,1,252
5221,1,327
5222,1,403
5223,1,454
5224,1,514
5225,1,550
5226,1,542
5227,1,494
5228,1,567
5229,1,627
5230,1,597
5231,1,485
5232,1,438
5233,1,491
5234,1,401
5235,1,349
5236,1,194
5237,1,152
5238,1,145
5239,1,138
5240,1,150
5241,1,168
5242,1,161
5243,1,217
5244,1,255
5245,1,464
5246,1,646
5247,1,680
5248,1,792
5249,1,919
5250,1,899
5251,1,757
5252,1,675
5253,1,633
5254,1,544
5255,1,378
5256,1,345
5257,1,306
5258,1,345
5259,1,286
5260,1,247
5261,1,217
5262,1,207
5263,1,200
5264,1,205
5265,1,213
5266,1,211
5267,1,222
5268,1,251
5269,1,290
5270,1,292
5271,1,317
5272,1,357
5273,1,433
5274,1,423
5275,1,438
5276,1,372
5277,1,373
5278,1,346
5279,1,335
5280,1,336
5281,1,338
5282,1,342
5283,1,293
5284,1,230
5285,1,210
5286,1,206
5287,1,203
5288,1,209
5289,1,221
5290,1,221
5291,1,229
5292,1,248
5293,1,257
5294,1,279
5295,1,289
5296,1,290
5297,1,267
5298,1,261
5299,1,257
5300,1,261
5301,1,267
5302,1,266
5303,1,264
5304,1,268
5305,1,261
5306,1,260
5307,1,249
5308,1,227
5309,1,210
5310,1,200
5311,1,198
5312,1,202
5313,1,220
5314,1,221
5315,1,229
5316,1,234
5317,1,245
5318,1,256
5319,1,248
5320,1,263
5321,1,271
5322,1,263
5323,1,261
5324,1,264
5325,1,267
5326,1,279
5327,1,266
5328,1,275
5329,1,267
5330,1,269
5331,1,246
5332,1,237
5333,1,232
5334,1,211
5335,1,202
5336,1,203
5337,1,222
5338,1,228
5339,1,240
5340,1,265
5341,1,306
5342,1,606
5343,1,698
5344,1,687
5345,1,541
5346,1,683
5347,1,617
5348,1,578
5349,1,558
5350,1,562
5351,1,469
5352,1,455
5353,1,330
5354,1,262
5355,1,267
5356,1,236
5357,1,209
5358,1,198
5359,1,198
5360,1,201
5361,1,221
5362,1,222
5363,1,243
5364,1,279
5365,1,281
5366,1,293
5367,1,322
5368,1,398
5369,1,458
5370,1,437
5371,1,401
5372,1,362
5373,1,353
5374,1,322
5375,1,300
5376,1,283
5377,1,270
5378,1,272
5379,1,244
5380,1,214
5381,1,198
5382,1,178
5383,1,171
5384,1,169
5385,1,182
5386,1,184
5387,1,197
5388,1,215
5389,1,278
5390,1,355
5391,1,416
5392,1,569
5393,1,495
5394,1,454
5395,1,437
5396,1,393
5397,1,413
5398,1,351
5399,1,327
5400,1,307
5401,1,242
5402,1,236
5403,1,209
5404,1,187
5405,1,172
5406,1,162
5407,1,165
5408,1,168
5409,1,171
5410,1,175
5411,1,196
5412,1,228
5413,1,246
5414,1,307
5415,1,317
5416,1,392
5417,1,372
5418,1,351
5419,1,339
5420,1,394
5421,1,324
5422,1,282
5423,1,252
5424,1,251
5425,1,236
5426,1,237
5427,1,220
5428,1,188
5429,1,172
5430,1,170
5431,1,155
5432,1,168
5433,1,181
5434,1,191
5435,1,216
5436,1,225
5437,1,236
5438,1,251
5439,1,252
5440,1,262
5441,1,260
5442,1,271
5443,1,265
5444,1,251
5445,1,306
5446,1,350
5447,1,339
5448,1,289
5449,1,263
5450,1,260
5451,1,244
5452,1,208
5453,1,198
5454,1,179
5455,1,171
5456,1,168
5457,1,183
5458,1,183
5459,1,198
5460,1,209
5461,1,225
5462,1,238
5463,1,232
5464,1,230
5465,1,228
5466,1,229
5467,1,237
5468,1,235
5469,1,234
5470,1,240
5471,1,240
5472,1,247
5473,1,238
5474,1,228
5475,1,227
5476,1,200
5477,1,189
5478,1,180
5479,1,168
5480,1,168
5481,1,183
5482,1,196
5483,1,198
5484,1,202
5485,1,221
5486,1,220
5487,1,243
5488,1,232
5489,1,237
5490,1,239
5491,1,233
5492,1,232
5493,1,230
5494,1,237
5495,1,248
5496,1,236
5497,1,233
5498,1,231
5499,1,223
5500,1,198
5501,1,196
5502,1,188
5503,1,177
5504,1,178
5505,1,187
5506,1,196
5507,1,213
5508,1,235
5509,1,295
5510,1,350
5511,1,433
5512,1,397
5513,1,391
5514,1,338
5515,1,410
5516,1,404
5517,1,484
5518,1,448
5519,1,479
5520,1,425
5521,1,418
5522,1,338
5523,1,324
5524,1,316
5525,1,314
5526,1,316
5527,1,325
5528,1,341
5529,1,345
5530,1,337
5531,1,354
5532,1,369
5533,1,456
5534,1,479
5535,1,544
5536,1,616
5537,1,669
5538,1,689
5539,1,713
5540,1,642
5541,1,582
5542,1,565
5543,1,548
5544,1,489
5545,1,431
5546,1,426
5547,1,426
5548,1,407
5549,1,402
5550,1,403
5551,1,400
5552,1,403
5553,1,403
5554,1,402
5555,1,410
5556,1,422
5557,1,420
5558,1,481
5559,1,493
5560,1,550
5561,1,601
5562,1,627
5563,1,686
5564,1,713
5565,1,722
5566,1,622
5567,1,536
5568,1,530
5569,1,547
5570,1,491
5571,1,484
5572,1,432
5573,1,427
5574,1,435
5575,1,428
5576,1,432
5577,1,428
5578,1,426
5579,1,445
5580,1,439
5581,1,445
5582,1,511
5583,1,551
5584,1,514
5585,1,535
5586,1,544
5587,1,519
5588,1,470
5589,1,470
5590,1,455
5591,1,428
5592,1,398
5593,1,411
5594,1,381
5595,1,333
5596,1,249
5597,1,230
5598,1,228
5599,1,214
5600,1,216
5601,1,213
5602,1,217
5603,1,257
5604,1,290
5605,1,312
5606,1,410
5607,1,455
5608,1,477
5609,1,538
5610,1,551
5611,1,680
5612,1,674
5613,1,636
5614,1,535
5615,1,442
5616,1,427
5617,1,385
5618,1,313
5619,1,258
5620,1,239
5621,1,228
5622,1,213
5623,1,209
5624,1,206
5625,1,210
5626,1,214
5627,1,220
5628,1,240
5629,1,239
5630,1,251
5631,1,248
5632,1,254
5633,1,251
5634,1,250
5635,1,250
5636,1,260
5637,1,252
5638,1,249
5639,1,262
5640,1,275
5641,1,274
5642,1,257
5643,1,249
5644,1,237
5645,1,233
5646,1,221
5647,1,222
5648,1,223
5649,1,229
5650,1,220
5651,1,224
5652,1,227
5653,1,245
5654,1,251
5655,1,250
5656,1,252
5657,1,256
5658,1,250
5659,1,255
5660,1,260
5661,1,261
5662,1,263
5663,1,260
5664,1,266
5665,1,258
5666,1,258
5667,1,244
5668,1,231
5669,1,219
5670,1,215
5671,1,214
5672,1,217
5673,1,223
5674,1,232
5675,1,237
5676,1,245
5677,1,337
5678,1,475
5679,1,515
5680,1,539
5681,1,570
5682,1,580
5683,1,553
5684,1,495
5685,1,501
5686,1,446
5687,1,463
5688,1,442
5689,1,387
5690,1,365
5691,1,294
5692,1,270
5693,1,255
5694,1,248
5695,1,249
5696,1,244
5697,1,239
5698,1,249
5699,1,263
5700,1,406
5701,1,540
5702,1,692
5703,1,755
5704,1,781
5705,1,755
5706,1,786
5707,1,780
5708,1,679
5709,1,496
5710,1,510
5711,1,481
5712,1,492
5713,1,475
5714,1,416
5715,1,373
5716,1,344
5717,1,289
5718,1,257
5719,1,240
5720,1,240
5721,1,237
5722,1,242
5723,1,259
5724,1,366
5725,1,502
5726,1,909
5727,1,961
5728,1,1012
5729,1,1069
5730,1,1256
5731,1,1184
5732,1,1165
5733,1,929
5734,1,780
5735,1,755
5736,1,653
5737,1,609
5738,1,582
5739,1,506
5740,1,433
5741,1,418
5742,1,406
5743,1,402
5744,1,438
5745,1,443
5746,1,440
5747,1,423
5748,1,520
5749,1,623
5750,1,785
5751,1,779
5752,1,828
5753,1,842
5754,1,1097
5755,1,1068
5756,1,845
5757,1,894
5758,1,772
5759,1,748
5760,1,716
5761,1,640
5762,1,602
5763,1,384
5764,1,253
5765,1,226
5766,1,221
5767,1,223
5768,1,261
5769,1,296
5770,1,329
5771,1,366
5772,1,473
5773,1,562
5774,1,799
5775,1,893
5776,1,922
5777,1,1010
5778,1,964
5779,1,963
5780,1,918
5781,1,880
5782,1,709
5783,1,599
5784,1,475
5785,1,377
5786,1,365
5787,1,271
5788,1,234
5789,1,211
5790,1,216
5791,1,216
5792,1,203
5793,1,211
5794,1,209
5795,1,212
5796,1,241
5797,1,270
5798,1,281
5799,1,264
5800,1,280
5801,1,280
5802,1,269
5803,1,252
5804,1,252
5805,1,239
5806,1,251
5807,1,264
5808,1,255
5809,1,265
5810,1,250
5811,1,226
5812,1,214
5813,1,211
5814,1,211
5815,1,240
5816,1,235
5817,1,221
5818,1,211
5819,1,205
5820,1,212
5821,1,218
5822,1,224
5823,1,229
5824,1,232
5825,1,227
5826,1,233
5827,1,237
5828,1,230
5829,1,229
5830,1,247
5831,1,256
5832,1,276
5833,1,265
5834,1,256
5835,1,251
5836,1,279
5837,1,259
5838,1,232
5839,1,208
5840,1,203
5841,1,199
5842,1,209
5843,1,272
5844,1,373
5845,1,549
5846,1,712
5847,1,884
5848,1,1022
5849,1,1107
5850,1,1170
5851,1,1212
5852,1,1180
5853,1,1175
5854,1,1273
5855,1,1076
5856,1,1085
5857,1,1161
5858,1,1048
5859,1,802
5860,1,569
5861,1,450
5862,1,387
5863,1,315
5864,1,279
5865,1,272
5866,1,271
5867,1,296
5868,1,550
5869,1,864
5870,1,1000
5871,1,1037
5872,1,1099
5873,1,1134
5874,1,1163
5875,1,1127
5876,1,1132
5877,1,1106
5878,1,1108
5879,1,1067
5880,1,1083
5881,1,875
5882,1,690
5883,1,618
5884,1,480
5885,1,304
5886,1,273
5887,1,264
5888,1,254
5889,1,252
5890,1,270
5891,1,340
5892,1,477
5893,1,815
5894,1,956
5895,1,1109
5896,1,1381
5897,1,1313
5898,1,1412
5899,1,1353
5900,1,1299
5901,1,1339
5902,1,1282
5903,1,1116
5904,1,1103
5905,1,879
5906,1,825
5907,1,741
5908,1,567
5909,1,384
5910,1,238
5911,1,246
5912,1,270
5913,1,301
5914,1,419
5915,1,436
5916,1,565
5917,1,828
5918,1,1024
5919,1,1093
5920,1,1175
5921,1,1450
5922,1,1348
5923,1,1289
5924,1,1338
5925,1,1297
5926,1,1047
5927,1,914
5928,1,897
5929,1,815
5930,1,634
5931,1,460
5932,1,365
5933,1,284
5934,1,225
5935,1,216
5936,1,240
5937,1,250
5938,1,281
5939,1,328
5940,1,526
5941,1,758
5942,1,933
5943,1,972
5944,1,981
5945,1,998
5946,1,987
5947,1,1110
5948,1,876
5949,1,812
5950,1,713
5951,1,605
5952,1,534
5953,1,456
5954,1,357
5955,1,304
5956,1,278
5957,1,243
5958,1,217
5959,1,220
5960,1,216
5961,1,222
5962,1,228
5963,1,242
5964,1,261
5965,1,273
5966,1,277
5967,1,281
5968,1,278
5969,1,273
5970,1,270
5971,1,270
5972,1,275
5973,1,269
5974,1,268
5975,1,278
5976,1,274
5977,1,272
5978,1,257
5979,1,248
5980,1,220
5981,1,207
5982,1,205
5983,1,199
5984,1,218
5985,1,211
5986,1,221
5987,1,228
5988,1,232
5989,1,259
5990,1,275
5991,1,267
5992,1,272
5993,1,307
5994,1,317
5995,1,282
5996,1,294
5997,1,287
5998,1,290
5999,1,287
6000,1,301
6001,1,290
6002,1,307
6003,1,281
6004,1,250
6005,1,241
6006,1,228
6007,1,224
6008,1,237
6009,1,244
6010,1,239
6011,1,265
6012,1,284
6013,1,292
6014,1,391
6015,1,447
6016,1,500
6017,1,487
6018,1,429
6019,1,416
6020,1,386
6021,1,349
6022,1,325
6023,1,321
6024,1,300
6025,1,276
6026,1,278
6027,1,266
6028,1,246
6029,1,222
6030,1,225
6031,1,209
6032,1,222
6033,1,238
6034,1,268
6035,1,344
6036,1,504
6037,1,736
6038,1,880
6039,1,950
6040,1,1053
6041,1,1049
6042,1,1053
6043,1,1215
6044,1,1190
6045,1,984
6046,1,884
6047,1,903
6048,1,863
6049,1,781
6050,1,606
6051,1,499
6052,1,334
6053,1,268
6054,1,225
6055,1,224
6056,1,246
6057,1,257
6058,1,270
6059,1,318
6060,1,673
6061,1,782
6062,1,1032
6063,1,889
6064,1,900
6065,1,930
6066,1,978
6067,1,946
6068,1,935
6069,1,951
6070,1,882
6071,1,850
6072,1,835
6073,1,847
6074,1,782
6075,1,691
6076,1,455
6077,1,320
6078,1,247
6079,1,267
6080,1,274
6081,1,270
6082,1,283
6083,1,323
6084,1,566
6085,1,785
6086,1,876
6087,1,942
6088,1,1019
6089,1,1222
6090,1,1377
6091,1,1274
6092,1,1116
6093,1,1027
6094,1,899
6095,1,803
6096,1,813
6097,1,730
6098,1,637
6099,1,504
6100,1,343
6101,1,260
6102,1,230
6103,1,228
6104,1,214
6105,1,211
6106,1,233
6107,1,250
6108,1,357
6109,1,627
6110,1,746
6111,1,844
6112,1,757
6113,1,816
6114,1,844
6115,1,884
6116,1,866
6117,1,717
6118,1,545
6119,1,542
6120,1,599
6121,1,464
6122,1,385
6123,1,290
6124,1,242
6125,1,233
6126,1,221
6127,1,213
6128,1,223
6129,1,208
6130,1,232
6131,1,241
6132,1,258
6133,1,267
6134,1,289
6135,1,297
6136,1,284
6137,1,283
6138,1,285
6139,1,285
6140,1,280
6141,1,274
6142,1,282
6143,1,281
6144,1,279
6145,1,266
6146,1,266
6147,1,259
6148,1,242
6149,1,224
6150,1,211
6151,1,212
6152,1,208
6153,1,206
6154,1,217
6155,1,229
6156,1,245
6157,1,256
6158,1,259
6159,1,258
6160,1,256
6161,1,269
6162,1,267
6163,1,299
6164,1,307
6165,1,282
6166,1,270
6167,1,270
6168,1,271
6169,1,271
6170,1,271
6171,1,253
6172,1,236
6173,1,222
6174,1,214
6175,1,201
6176,1,196
6177,1,208
6178,1,220
6179,1,252
6180,1,389
6181,1,558
6182,1,833
6183,1,937
6184,1,937
6185,1,1116
6186,1,1105
6187,1,1093
6188,1,1041
6189,1,998
6190,1,995
6191,1,819
6192,1,762
6193,1,741
6194,1,657
6195,1,581
6196,1,468
6197,1,353
6198,1,307
6199,1,289
6200,1,297
6201,1,314
6202,1,388
6203,1,465
6204,1,647
6205,1,740
6206,1,931
6207,1,1003
6208,1,1159
6209,1,1271
6210,1,1362
6211,1,1298
6212,1,1304
6213,1,1277
6214,1,1146
6215,1,947
6216,1,831
6217,1,815
6218,1,684
6219,1,541
6220,1,446
6221,1,351
6222,1,276
6223,1,246
6224,1,280
6225,1,301
6226,1,335
6227,1,407
6228,1,604
6229,1,874
6230,1,989
6231,1,947
6232,1,1054
6233,1,1052
6234,1,1148
6235,1,1147
6236,1,1131
6237,1,1023
6238,1,923
6239,1,898
6240,1,847
6241,1,776
6242,1,643
6243,1,514
6244,1,361
6245,1,306
6246,1,298
6247,1,291
6248,1,358
6249,1,362
6250,1,404
6251,1,477
6252,1,749
6253,1,743
6254,1,978
6255,1,1038
6256,1,1036
6257,1,984
6258,1,1118
6259,1,1141
6260,1,1038
6261,1,1028
6262,1,1010
6263,1,976
6264,1,949
6265,1,915
6266,1,849
6267,1,764
6268,1,553
6269,1,385
6270,1,355
6271,1,330
6272,1,288
6273,1,307
6274,1,309
6275,1,433
6276,1,939
6277,1,876
6278,1,1002
6279,1,957
6280,1,968
6281,1,988
6282,1,990
6283,1,958
6284,1,868
6285,1,826
6286,1,797
6287,1,667
6288,1,572
6289,1,489
6290,1,377
6291,1,326
6292,1,224
6293,1,209
6294,1,190
6295,1,187
6296,1,187
6297,1,196
6298,1,207
6299,1,219
6300,1,260
6301,1,307
6302,1,329
6303,1,335
6304,1,341
6305,1,301
6306,1,309
6307,1,311
6308,1,308
6309,1,281
6310,1,256
6311,1,261
6312,1,264
6313,1,256
6314,1,210
6315,1,191
6316,1,183
6317,1,160
6318,1,150
6319,1,139
6320,1,131
6321,1,142
6322,1,150
6323,1,158
6324,1,168
6325,1,217
6326,1,259
6327,1,264
6328,1,264
6329,1,262
6330,1,260
6331,1,274
6332,1,243
6333,1,211
6334,1,260
6335,1,275
6336,1,285
6337,1,281
6338,1,223
6339,1,200
6340,1,182
6341,1,160
6342,1,154
6343,1,147
6344,1,146
6345,1,165
6346,1,232
6347,1,367
6348,1,473
6349,1,639
6350,1,828
6351,1,877
6352,1,896
6353,1,957
6354,1,963
6355,1,967
6356,1,1038
6357,1,957
6358,1,930
6359,1,879
6360,1,852
6361,1,828
6362,1,800
6363,1,581
6364,1,398
6365,1,317
6366,1,252
6367,1,212
6368,1,207
6369,1,236
6370,1,255
6371,1,359
6372,1,484
6373,1,653
6374,1,880
6375,1,982
6376,1,975
6377,1,1024
6378,1,1054
6379,1,1028
6380,1,986
6381,1,894
6382,1,937
6383,1,912
6384,1,837
6385,1,740
6386,1,609
6387,1,504
6388,1,359
6389,1,289
6390,1,227
6391,1,211
6392,1,210
6393,1,216
6394,1,225
6395,1,361
6396,1,595
6397,1,871
6398,1,986
6399,1,1022
6400,1,971
6401,1,1015
6402,1,1121
6403,1,1215
6404,1,1003
6405,1,987
6406,1,821
6407,1,885
6408,1,858
6409,1,809
6410,1,683
6411,1,518
6412,1,385
6413,1,323
6414,1,289
6415,1,268
6416,1,280
6417,1,274
6418,1,283
6419,1,327
6420,1,843
6421,1,961
6422,1,1025
6423,1,994
6424,1,1039
6425,1,1330
6426,1,1314
6427,1,1209
6428,1,1119
6429,1,1029
6430,1,1032
6431,1,963
6432,1,920
6433,1,881
6434,1,792
6435,1,584
6436,1,445
6437,1,344
6438,1,336
6439,1,309
6440,1,302
6441,1,279
6442,1,281
6443,1,297
6444,1,715
6445,1,992
6446,1,989
6447,1,978
6448,1,965
6449,1,960
6450,1,983
6451,1,995
6452,1,995
6453,1,875
6454,1,803
6455,1,645
6456,1,556
6457,1,518
6458,1,457
6459,1,368
6460,1,307
6461,1,255
6462,1,244
6463,1,228
6464,1,246
6465,1,243
6466,1,250
6467,1,277
6468,1,300
6469,1,326
6470,1,339
6471,1,348
6472,1,375
6473,1,380
6474,1,390
6475,1,398
6476,1,364
6477,1,359
6478,1,357
6479,1,351
6480,1,353
6481,1,346
6482,1,347
6483,1,327
6484,1,301
6485,1,251
6486,1,232
6487,1,220
6488,1,237
6489,1,242
6490,1,241
6491,1,251
6492,1,281
6493,1,326
6494,1,328
6495,1,321
6496,1,324
6497,1,329
6498,1,331
6499,1,339
6500,1,374
6501,1,378
6502,1,352
6503,1,371
6504,1,421
6505,1,421
6506,1,390
6507,1,341
6508,1,300
6509,1,263
6510,1,243
6511,1,233
6512,1,237
6513,1,242
6514,1,254
6515,1,327
6516,1,673
6517,1,911
6518,1,926
6519,1,916
6520,1,1160
6521,1,1223
6522,1,1284
6523,1,1265
6524,1,1141
6525,1,1032
6526,1,978
6527,1,903
6528,1,829
6529,1,761
6530,1,710
6531,1,583
6532,1,427
6533,1,331
6534,1,260
6535,1,230
6536,1,245
6537,1,250
6538,1,255
6539,1,345
6540,1,592
6541,1,788
6542,1,903
6543,1,981
6544,1,1289
6545,1,1356
6546,1,1426
6547,1,1372
6548,1,1293
6549,1,1287
6550,1,1203
6551,1,983
6552,1,727
6553,1,720
6554,1,585
6555,1,544
6556,1,452
6557,1,409
6558,1,324
6559,1,305
6560,1,309
6561,1,299
6562,1,302
6563,1,495
6564,1,698
6565,1,927
6566,1,951
6567,1,963
6568,1,1016
6569,1,967
6570,1,941
6571,1,955
6572,1,933
6573,1,780
6574,1,674
6575,1,559
6576,1,522
6577,1,593
6578,1,578
6579,1,508
6580,1,372
6581,1,369
6582,1,333
6583,1,344
6584,1,369
6585,1,380
6586,1,410
6587,1,850
6588,1,1017
6589,1,1150
6590,1,1243
6591,1,1268
6592,1,1246
6593,1,1289
6594,1,1262
6595,1,1246
6596,1,1202
6597,1,1182
6598,1,1062
6599,1,890
6600,1,792
6601,1,775
6602,1,777
6603,1,705
6604,1,597
6605,1,548
6606,1,510
6607,1,482
6608,1,482
6609,1,482
6610,1,515
6611,1,636
6612,1,840
6613,1,1049
6614,1,1055
6615,1,1065
6616,1,1073
6617,1,1100
6618,1,1069
6619,1,975
6620,1,956
6621,1,873
6622,1,684
6623,1,650
6624,1,625
6625,1,618
6626,1,609
6627,1,613
6628,1,570
6629,1,492
6630,1,463
6631,1,485
6632,1,488
6633,1,507
6634,1,514
6635,1,502
6636,1,538
6637,1,619
6638,1,669
6639,1,689
6640,1,669
6641,1,640
6642,1,581
6643,1,578
6644,1,581
6645,1,578
6646,1,587
6647,1,600
6648,1,590
6649,1,599
6650,1,603
6651,1,578
6652,1,517
6653,1,464
6654,1,459
6655,1,468
6656,1,476
6657,1,470
6658,1,459
6659,1,490
6660,1,513
6661,1,561
6662,1,566
6663,1,550
6664,1,557
6665,1,569
6666,1,575
6667,1,575
6668,1,587
6669,1,586
6670,1,585
6671,1,599
6672,1,609
6673,1,614
6674,1,591
6675,1,546
6676,1,511
6677,1,476
6678,1,471
6679,1,457
6680,1,449
6681,1,460
6682,1,473
6683,1,664
6684,1,937
6685,1,1311
6686,1,1386
6687,1,1385
6688,1,1387
6689,1,1423
6690,1,1369
6691,1,1136
6692,1,1110
6693,1,886
6694,1,697
6695,1,621
6696,1,598
6697,1,680
6698,1,605
6699,1,634
6700,1,601
6701,1,487
6702,1,441
6703,1,413
6704,1,418
6705,1,415
6706,1,451
6707,1,639
6708,1,700
6709,1,949
6710,1,1008
6711,1,1060
6712,1,1039
6713,1,1043
6714,1,1017
6715,1,972
6716,1,912
6717,1,830
6718,1,781
6719,1,726
6720,1,670
6721,1,765
6722,1,722
6723,1,676
6724,1,516
6725,1,449
6726,1,398
6727,1,385
6728,1,377
6729,1,394
6730,1,414
6731,1,600
6732,1,680
6733,1,921
6734,1,1110
6735,1,1140
6736,1,1153
6737,1,1180
6738,1,1357
6739,1,1358
6740,1,1101
6741,1,905
6742,1,863
6743,1,756
6744,1,754
6745,1,661
6746,1,593
6747,1,525
6748,1,459
6749,1,415
6750,1,390
6751,1,396
6752,1,414
6753,1,418
6754,1,475
6755,1,547
6756,1,675
6757,1,800
6758,1,931
6759,1,1067
6760,1,1075
6761,1,1259
6762,1,1246
6763,1,1029
6764,1,974
6765,1,1056
6766,1,1059
6767,1,934
6768,1,937
6769,1,888
6770,1,922
6771,1,767
6772,1,636
6773,1,496
6774,1,388
6775,1,373
6776,1,408
6777,1,388
6778,1,471
6779,1,622
6780,1,859
6781,1,925
6782,1,954
6783,1,908
6784,1,971
6785,1,1064
6786,1,1000
6787,1,967
6788,1,995
6789,1,937
6790,1,810
6791,1,694
6792,1,593
6793,1,524
6794,1,483
6795,1,432
6796,1,355
6797,1,316
6798,1,304
6799,1,294
6800,1,297
6801,1,322
6802,1,341
6803,1,402
6804,1,489
6805,1,535
6806,1,524
6807,1,461
6808,1,472
6809,1,488
6810,1,499
6811,1,519
6812,1,527
6813,1,521
6814,1,520
6815,1,406
6816,1,422
6817,1,425
6818,1,421
6819,1,397
6820,1,368
6821,1,330
6822,1,315
6823,1,331
6824,1,350
6825,1,389
6826,1,353
6827,1,416
6828,1,421
6829,1,471
6830,1,465
6831,1,463
6832,1,448
6833,1,457
6834,1,463
6835,1,457
6836,1,463
6837,1,437
6838,1,445
6839,1,456
6840,1,492
6841,1,481
6842,1,473
6843,1,438
6844,1,399
6845,1,358
6846,1,352
6847,1,334
6848,1,349
6849,1,350
6850,1,392
6851,1,482
6852,1,580
6853,1,757
6854,1,810
6855,1,879
6856,1,855
6857,1,862
6858,1,841
6859,1,753
6860,1,695
6861,1,718
6862,1,684
6863,1,642
6864,1,673
6865,1,674
6866,1,628
6867,1,577
6868,1,467
6869,1,399
6870,1,386
6871,1,375
6872,1,376
6873,1,363
6874,1,397
6875,1,450
6876,1,614
6877,1,824
6878,1,1120
6879,1,1086
6880,1,1239
6881,1,1273
6882,1,1262
6883,1,1158
6884,2,960
6885,2,974
6886,2,902
6887,2,833
6888,2,748
6889,2,632
6890,2,654
6891,2,587
6892,2,512
6893,2,449
6894,2,411
6895,2,367
6896,2,380
6897,2,389
6898,2,431
6899,2,597
6900,2,858
6901,2,1027
6902,2,1268
6903,2,1129
6904,2,975
6905,2,987
6906,2,1124
6907,2,1089
6908,2,1108
6909,2,1039
6910,2,1016
6911,2,998
6912,2,950
6913,2,863
6914,2,798
6915,2,705
6916,2,599
6917,2,569
6918,2,550
6919,2,526
6920,2,536
6921,2,538
6922,2,580
6923,2,767
6924,2,978
6925,2,1095
6926,2,1181
6927,2,1139
6928,2,1130
6929,2,1148
6930,2,1172
6931,2,1130
6932,2,1058
6933,2,1083
6934,2,1053
6935,2,940
6936,2,899
6937,2,860
6938,2,796
6939,2,739
6940,2,625
6941,2,524
6942,2,495
6943,2,475
6944,2,501
6945,2,539
6946,2,610
6947,2,748
6948,2,960
6949,2,1021
6950,2,1073
6951,2,1058
6952,2,1102
6953,2,1097
6954,2,1171
6955,3,1171
6956,2,1096
6957,2,1055
6958,2,953
6959,2,968
6960,2,925
6961,2,903
6962,2,779
6963,2,720
6964,2,632
6965,2,584
6966,2,566
6967,2,501
6968,2,507
6969,2,529
6970,2,533
6971,2,614
6972,2,670
6973,2,813
6974,2,826
6975,2,797
6976,2,719
6977,2,728
6978,2,721
6979,2,729
6980,2,733
6981,2,736
6982,2,758
6983,2,732
6984,2,726
6985,2,726
6986,2,671
6987,2,624
6988,2,550
6989,2,506
6990,2,472
6991,2,440
6992,2,436
6993,2,445
6994,2,467
6995,2,513
6996,2,551
6997,2,595
6998,2,617
6999,2,632
7000,2,626
7001,2,633
7002,2,642
7003,2,653
7004,2,655
7005,2,660
7006,2,688
7007,2,707
7008,2,692
7009,2,691
7010,2,682
7011,2,644
7012,2,581
7013,2,559
7014,2,516
7015,2,492
7016,2,509
7017,2,505
7018,2,558
7019,2,772
7020,2,1039
7021,2,1160
7022,2,1184
7023,2,1190
7024,2,1125
7025,2,1147
7026,2,1157
7027,2,1154
7028,2,1161
7029,2,1111
7030,2,1035
7031,2,928
7032,2,932
7033,2,918
7034,2,824
7035,2,757
7036,2,615
7037,2,576
7038,2,520
7039,2,476
7040,2,505
7041,2,504
7042,2,570
7043,2,694
7044,2,979
7045,2,1060
7046,2,1186
7047,2,1148
7048,2,1138
7049,2,1175
7050,2,1139
7051,2,1338
7052,2,1306
7053,2,1091
7054,2,1004
7055,2,946
7056,2,943
7057,2,945
7058,2,956
7059,2,790
7060,2,703
7061,2,554
7062,2,520
7063,2,479
7064,2,474
7065,2,483
7066,2,590
7067,2,736
7068,2,969
7069,2,1177
7070,2,1252
7071,2,1206
7072,2,1203
7073,2,1195
7074,2,1253
7075,2,1226
7076,2,1207
7077,2,1026
7078,2,969
7079,2,930
7080,2,904
7081,2,891
7082,2,865
7083,3,810
7084,3,729
7085,3,663
7086,3,586
7087,3,555
7088,3,544
7089,3,553
7090,3,621
7091,3,833
7092,3,993
7093,3,1087
7094,3,1158
7095,3,1147
7096,3,1102
7097,3,1285
7098,3,1286
7099,3,1289
7100,3,1149
7101,3,1120
7102,3,1058
7103,3,1082
7104,3,1070
7105,3,1086
7106,3,1032
7107,3,925
7108,3,800
7109,3,712
7110,3,626
7111,3,592
7112,3,624
7113,3,641
7114,3,725
7115,3,871
7116,3,1014
7117,3,1114
7118,3,1329
7119,3,1349
7120,3,1164
7121,3,1206
7122,3,1219
7123,3,1242
7124,3,1199
7125,3,1156
7126,3,1154
7127,3,1134
7128,3,1115
7129,3,1130
7130,3,1069
7131,3,1013
7132,3,888
7133,3,832
7134,3,760
7135,3,678
7136,3,657
7137,3,666
7138,3,737
7139,3,882
7140,3,937
7141,3,1011
7142,3,1034
7143,3,1061
7144,3,1061
7145,3,1081
7146,3,1058
7147,3,1063
7148,3,1032
7149,3,1016
7150,3,1021
7151,3,1064
7152,3,1044
7153,3,1027
7154,3,993
7155,3,919
7156,3,821
7157,3,724
7158,3,630
7159,3,583
7160,3,610
7161,3,611
7162,3,658
7163,3,743
7164,3,818
7165,3,874
7166,3,890
7167,3,914
7168,3,880
7169,3,922
7170,3,919
7171,3,954
7172,3,955
7173,3,976
7174,3,982
7175,3,986
7176,3,989
7177,3,988
7178,3,973
7179,3,868
7180,3,731
7181,3,703
7182,3,640
7183,3,598
7184,3,629
7185,3,643
7186,3,718
7187,3,846
7188,3,967
7189,3,1088
7190,3,1130
7191,3,1135
7192,3,1109
7193,3,1237
7194,3,1367
7195,3,1342
7196,3,1256
7197,3,1230
7198,3,1113
7199,3,1115
7200,3,1095
7201,3,1064
7202,3,961
7203,3,908
7204,3,807
7205,3,717
7206,3,667
7207,3,613
7208,3,619
7209,3,636
7210,3,723
7211,3,858
7212,3,1016
7213,3,1076
7214,3,1151
7215,3,1189
7216,3,1152
7217,3,1323
7218,3,1308
7219,3,1307
7220,3,1251
7221,3,1191
7222,3,1158
7223,3,1121
7224,3,1219
7225,3,1163
7226,3,996
7227,3,899
7228,3,759
7229,3,692
7230,3,638
7231,3,605
7232,3,681
7233,3,691
7234,3,776
7235,3,904
7236,3,1000
7237,3,1185
7238,3,1158
7239,3,1177
7240,3,1164
7241,3,1228
7242,3,1367
7243,3,1215
7244,3,1158
7245,3,1113
7246,3,1105
7247,3,1092
7248,3,1087
7249,3,1073
7250,3,958
7251,3,910
7252,3,784
7253,3,738
7254,3,697
7255,3,634
7256,3,660
7257,3,672
7258,3,800
7259,3,1195
7260,3,1223
7261,3,1306
7262,3,1288
7263,3,1270
7264,3,1391
7265,3,1494
7266,3,1556
7267,3,1529
7268,3,1462
7269,3,1497
7270,3,1463
7271,3,1422
7272,3,1223
7273,3,1197
7274,3,1127
7275,3,1021
7276,3,843
7277,3,717
7278,3,660
7279,3,601
7280,3,623
7281,3,694
7282,3,803
7283,3,946
7284,3,1038
7285,3,1188
7286,3,1249
7287,3,1247
7288,3,1222
7289,3,1159
7290,3,1169
7291,3,1152
7292,3,1142
7293,3,1109
7294,3,1119
7295,3,1213
7296,3,1034
7297,3,1026
7298,3,971
7299,3,896
7300,3,781
7301,3,692
7302,3,651
7303,3,627
7304,3,664
7305,3,669
7306,3,686
7307,3,757
7308,3,832
7309,3,920
7310,3,913
7311,3,883
7312,3,801
7313,3,800
7314,3,805
7315,3,822
7316,3,835
7317,3,881
7318,3,933
7319,3,975
7320,3,966
7321,3,921
7322,3,878
7323,3,781
7324,3,686
7325,3,621
7326,3,586
7327,3,553
7328,3,569
7329,3,578
7330,3,617
7331,3,683
7332,3,726
7333,3,745
7334,3,791
7335,3,804
7336,3,789
7337,3,828
7338,3,848
7339,3,856
7340,3,874
7341,3,1127
7342,3,1262
7343,3,1130
7344,3,1114
7345,3,1121
7346,3,1149
7347,3,1188
7348,3,1148
7349,3,1155
7350,3,1191
7351,3,1204
7352,3,1234
7353,3,1243
7354,3,1191
7355,3,1208
7356,3,1232
7357,3,1248
7358,3,1396
7359,3,1443
7360,3,1427
7361,3,1406
7362,3,1386
7363,3,1343
7364,3,1333
7365,3,1325
7366,3,1325
7367,3,1312
7368,3,1389
7369,3,1410
7370,3,1457
7371,3,1377
7372,3,1288
7373,3,1226
7374,3,1138
7375,3,1120
7376,3,1088
7377,3,1049
7378,3,1086
7379,3,1187
7380,3,1363
7381,3,1415
7382,3,1515
7383,3,1548
7384,3,1567
7385,3,1538
7386,3,1571
7387,3,1488
7388,3,1394
7389,3,1363
7390,3,1464
7391,3,1439
7392,3,1443
7393,3,1318
7394,3,1258
7395,3,1215
7396,3,1079
7397,3,1002
7398,3,917
7399,3,959
7400,3,1056
7401,3,1155
7402,3,1267
7403,3,1433
7404,3,1591
7405,3,1642
7406,3,1530
7407,3,1569
7408,3,1517
7409,3,1886
7410,3,1801
7411,3,1586
7412,3,1426
7413,3,1324
7414,3,1244
7415,3,1312
7416,3,1285
7417,3,1283
7418,3,1165
7419,3,1074
7420,3,978
7421,3,1008
7422,3,965
7423,3,982
7424,3,993
7425,3,1002
7426,3,1058
7427,3,1143
7428,3,1307
7429,3,1409
7430,3,1600
7431,3,1559
7432,3,1620
7433,3,1753
7434,3,1668
7435,3,1519
7436,3,1543
7437,3,1486
7438,3,1615
7439,3,1643
7440,3,1162
7441,3,1107
7442,3,1120
7443,3,1027
7444,3,955
7445,3,805
7446,3,752
7447,3,744
7448,3,753
7449,3,791
7450,3,905
7451,3,1046
7452,3,1225
7453,3,1229
7454,3,1222
7455,3,1293
7456,3,1352
7457,3,1455
7458,3,1379
7459,3,1279
7460,3,1206
7461,3,1155
7462,3,1105
7463,3,1135
7464,3,1207
7465,3,1177
7466,3,1165
7467,3,1040
7468,3,890
7469,3,847
7470,3,790
7471,3,753
7472,3,735
7473,3,763
7474,3,753
7475,3,815
7476,3,861
7477,3,900
7478,3,895
7479,3,918
7480,3,909
7481,3,942
7482,3,927
7483,3,932
7484,3,930
7485,3,947
7486,3,934
7487,3,964
7488,3,947
7489,3,950
7490,3,918
7491,3,842
7492,3,770
7493,3,698
7494,3,634
7495,3,612
7496,3,592
7497,3,609
7498,3,621
7499,3,707
7500,3,757
7501,3,812
7502,3,865
7503,3,899
7504,3,877
7505,3,879
7506,3,899
7507,3,891
7508,3,891
7509,3,918
7510,3,912
7511,3,942
7512,3,935
7513,3,936
7514,3,916
7515,3,883
7516,3,776
7517,3,764
7518,3,735
7519,3,698
7520,3,651
7521,3,675
7522,3,708
7523,3,886
7524,3,1030
7525,3,1117
7526,3,1233
7527,3,1349
7528,3,1331
7529,3,1450
7530,3,1414
7531,3,1352
7532,3,1270
7533,3,1266
7534,3,1208
7535,3,1197
7536,3,1177
7537,3,1165
7538,3,1184
7539,3,1038
7540,3,925
7541,3,836
7542,3,756
7543,3,737
7544,3,716
7545,3,733
7546,3,819
7547,3,904
7548,3,1244
7549,3,1355
7550,3,1560
7551,3,1547
7552,3,1627
7553,3,1588
7554,3,1920
7555,3,1853
7556,3,1931
7557,3,1592
7558,3,1579
7559,3,1442
7560,3,1526
7561,3,1469
7562,3,1444
7563,3,1342
7564,3,1204
7565,3,1096
7566,3,998
7567,3,922
7568,3,924
7569,3,948
7570,3,1028
7571,3,1435
7572,3,1626
7573,3,1752
7574,3,2155
7575,3,1947
7576,3,1898
7577,3,2007
7578,3,1996
7579,3,1933
7580,3,1838
7581,3,1820
7582,3,1787
7583,3,1751
7584,3,1743
7585,3,1719
7586,3,1703
7587,3,1661
7588,3,1618
7589,3,1566
7590,3,1559
7591,3,1541
7592,3,1529
7593,3,1533
7594,3,1539
7595,3,1583
7596,3,1611
7597,3,1872
7598,3,1672
7599,3,1672
7600,3,1647
7601,3,1701
7602,3,1692
7603,3,1713
7604,3,1962
7605,3,1929
7606,3,2046
7607,3,2142
7608,3,1951
7609,3,1907
7610,3,1886
7611,3,1431
7612,3,1109
7613,3,1029
7614,3,980
7615,3,949
7616,3,965
7617,3,949
7618,3,1041
7619,3,1214
7620,3,1363
7621,3,1596
7622,3,1687
7623,3,1528
7624,3,1552
7625,3,1582
7626,3,1731
7627,3,1624
7628,3,1590
7629,3,1506
7630,3,1500
7631,3,1488
7632,3,1535
7633,3,1534
7634,3,1376
7635,3,1245
7636,3,1148
7637,3,1133
7638,3,997
7639,3,947
7640,3,935
7641,3,953
7642,3,990
7643,3,1069
7644,3,1181
7645,3,1213
7646,3,1205
7647,3,1238
7648,3,1284
7649,3,1269
7650,3,1288
7651,3,1274
7652,3,1284
7653,3,1243
7654,3,1239
7655,3,1246
7656,3,1237
7657,3,1226
7658,3,1172
7659,3,1202
7660,3,1193
7661,3,1007
7662,3,1134
7663,3,1012
7664,3,1104
7665,3,968
7666,3,892
7667,3,977
7668,3,1002
7669,3,1047
7670,3,1119
7671,3,1122
7672,3,1119
7673,3,1149
7674,3,1157
7675,3,1154
7676,3,1215
7677,3,1201
7678,3,1212
7679,3,1210
7680,3,1224
7681,3,1229
7682,3,1239
7683,3,1184
7684,3,1136
7685,3,1059
7686,3,981
7687,3,965
7688,3,947
7689,3,965
7690,3,1010
7691,3,1202
7692,3,1403
7693,3,1615
7694,3,1737
7695,3,1861
7696,3,2129
7697,3,1921
7698,3,1961
7699,3,1728
7700,3,1685
7701,3,1622
7702,3,1524
7703,3,1505
7704,3,1510
7705,3,1508
7706,3,1438
7707,3,1335
7708,3,1214
7709,3,1093
7710,3,1033
7711,3,917
7712,3,847
7713,3,835
7714,3,943
7715,3,1186
7716,3,1286
7717,3,1321
7718,3,1361
7719,3,1378
7720,3,1463
7721,3,1489
7722,3,1985
7723,3,1945
7724,3,1732
7725,3,1325
7726,3,1288
7727,3,1258
7728,3,1265
7729,3,1260
7730,3,1200
7731,3,1053
7732,3,938
7733,3,877
7734,3,852
7735,3,832
7736,3,811
7737,3,823
7738,3,833
7739,3,1170
7740,3,1268
7741,3,1378
7742,3,1363
7743,3,1327
7744,3,1418
7745,3,1558
7746,3,1778
7747,3,1836
7748,3,1612
7749,3,1498
7750,3,1472
7751,3,1451
7752,3,1477
7753,3,1410
7754,3,1393
7755,3,1321
7756,3,1244
7757,3,1221
7758,3,1201
7759,3,1193
7760,3,1186
7761,3,1174
7762,3,1172
7763,3,1176
7764,3,1235
7765,3,1279
7766,3,1313
7767,3,1329
7768,3,1340
7769,3,1441
7770,3,1667
7771,3,1646
7772,3,1670
7773,3,1675
7774,3,1462
7775,3,1435
7776,3,1499
7777,3,1567
7778,3,1447
7779,3,1314
7780,3,1106
7781,3,953
7782,3,921
7783,3,863
7784,3,847
7785,3,840
7786,3,864
7787,3,994
7788,3,1124
7789,3,1259
7790,3,1291
7791,3,1343
7792,3,1318
7793,3,1350
7794,3,1366
7795,3,1375
7796,3,1463
7797,3,1544
7798,3,1574
7799,3,1573
7800,3,1551
7801,3,1543
7802,3,1538
7803,3,1527
7804,3,1979
7805,3,1968
7806,3,1847
7807,3,1744
7808,3,1745
7809,3,1749
7810,3,1753
7811,3,1762
7812,3,1770
7813,3,1781
7814,3,1795
7815,3,1781
7816,3,1779
7817,3,1766
7818,3,1755
7819,3,1757
7820,3,1748
7821,3,1749
7822,3,1750
7823,3,1756
7824,3,1751
7825,3,1745
7826,3,1744
7827,3,1738
7828,3,1685
7829,3,1506
7830,3,1491
7831,3,1497
7832,3,1472
7833,3,1485
7834,3,1500
7835,3,1531
7836,3,1544
7837,3,1570
7838,3,1575
7839,3,1539
7840,3,1527
7841,3,1550
7842,3,1554
7843,3,1551
7844,3,1541
7845,3,1549
7846,3,1550
7847,3,1552
7848,3,1547
7849,3,1545
7850,3,1543
7851,3,1523
7852,3,1496
7853,3,1475
7854,3,1458
7855,3,1454
7856,3,1463
7857,3,1485
7858,3,1491
7859,3,1529
7860,3,1578
7861,3,1631
7862,3,1879
7863,3,2027
7864,3,1850
7865,3,1830
7866,3,1836
7867,3,1987
7868,3,1940
7869,3,1736
7870,3,1761
7871,3,1774
7872,3,1789
7873,3,1780
7874,3,1732
7875,3,1702
7876,3,1592
7877,3,1563
7878,3,1556
7879,3,1547
7880,3,1537
7881,3,1551
7882,3,1598
7883,3,1652
7884,3,1727
7885,3,1817
7886,3,1870
7887,3,2031
7888,3,2103
7889,3,2123
7890,3,2115
7891,3,2087
7892,3,1836
7893,3,1803
7894,3,1757
7895,3,1735
7896,3,1795
7897,3,1771
7898,3,1725
7899,3,1642
7900,3,1597
7901,3,1538
7902,3,1507
7903,3,1531
7904,3,1508
7905,3,1526
7906,3,1582
7907,3,1632
7908,3,1769
7909,3,1818
7910,3,1826
7911,3,1788
7912,3,1874
7913,3,1885
7914,3,1916
7915,3,1968
7916,3,1922
7917,3,1884
7918,3,2076
7919,3,1979
7920,3,1962
7921,3,1945
7922,3,1964
7923,3,1923
7924,3,1852
7925,3,1815
7926,3,1819
7927,3,1814
7928,3,1817
7929,3,1807
7930,3,1815
7931,3,1992
7932,3,2080
7933,3,2197
7934,3,2293
7935,3,2537
7936,3,2465
7937,3,2235
7938,3,2176
7939,3,2159
7940,3,2167
7941,3,2080
7942,3,2127
7943,3,2161
7944,3,2292
7945,3,2382
7946,3,2566
7947,3,2581
7948,3,2345
7949,3,2224
7950,3,2204
7951,3,2191
7952,3,2170
7953,3,2148
7954,3,2132
7955,3,2351
7956,3,2524
7957,3,2579
7958,3,2657
7959,3,2632
7960,3,2642
7961,3,2615
7962,3,2615
7963,3,2595
7964,3,2574
7965,3,2545
7966,3,2514
7967,3,2461
7968,3,2465
7969,3,2443
7970,3,2278
7971,3,2088
7972,3,2002
7973,3,1970
7974,3,1955
7975,3,1961
7976,3,1952
7977,3,1943
7978,3,1943
7979,3,1952
7980,3,2006
7981,3,2042
7982,3,2073
7983,3,2036
7984,3,2039
7985,3,2032
7986,3,2017
7987,3,2019
7988,3,2034
7989,3,2001
7990,3,1987
7991,3,1983
7992,3,2021
7993,3,1982
7994,3,1957
7995,3,1923
7996,3,1898
7997,3,1905
7998,3,1888
7999,3,1894
8000,3,1887
8001,3,1890
8002,3,1878
8003,3,1881
8004,3,1894
8005,3,1930
8006,3,1951
8007,3,1960
8008,3,1949
8009,3,1946
8010,3,1922
8011,3,1938
8012,3,1918
8013,3,1908
8014,3,1921
8015,3,1928
8016,3,1922
8017,3,1926
8018,3,1914
8019,3,1862
8020,3,1850
8021,3,1855
8022,3,1854
8023,3,1860
8024,3,1857
8025,3,1866
8026,3,1864
8027,3,1877
8028,3,1923
8029,3,2187
8030,3,2213
8031,3,1980
8032,3,2011
8033,3,2021
8034,3,2041
8035,3,2029
8036,3,1990
8037,3,1959
8038,3,1953
8039,3,1963
8040,3,1978
8041,3,1962
8042,3,1909
8043,3,1884
8044,3,1879
8045,3,1892
8046,3,1888
8047,3,1886
8048,3,1888
8049,3,1889
8050,3,1899
8051,3,1959
8052,3,1973
8053,3,2017
8054,3,2035
8055,3,2010
8056,3,2014
8057,3,2091
8058,3,2073
8059,3,2039
8060,3,1940
8061,3,1910
8062,3,1891
8063,3,1891
8064,3,1914
8065,3,1894
8066,3,1880
8067,3,1866
8068,3,1814
8069,3,1801
8070,3,1790
8071,3,1791
8072,2,1785
8073,2,1808
8074,2,1813
8075,2,1838
8076,2,1914
8077,2,1919
8078,2,1943
8079,2,1970
8080,2,1899
8081,2,1854
8082,2,1837
8083,2,1918
8084,2,1907
8085,2,1690
8086,2,1640
8087,2,1602
8088,2,1567
8089,2,1558
8090,2,1490
8091,2,1377
8092,2,1237
8093,2,1191
8094,2,1164
8095,2,1155
8096,2,1134
8097,2,1134
8098,2,1121
8099,2,1273
8100,2,1509
8101,2,1496
8102,2,1559
8103,2,1514
8104,2,1550
8105,2,1578
8106,2,1628
8107,2,1573
8108,2,1751
8109,2,1540
8110,1,1484
8111,1,1470
8112,2,1522
8113,2,1446
8114,2,1434
8115,2,1297
8116,2,1193
8117,2,1117
8118,2,1089
8119,2,1086
8120,2,1065
8121,2,1056
8122,2,1051
8123,2,1313
8124,2,1349
8125,2,1404
8126,2,1439
8127,2,1419
8128,2,1404
8129,2,1478
8130,2,1446
8131,2,1422
8132,2,1426
8133,2,1426
8134,2,1415
8135,2,1394
8136,2,1392
8137,2,1366
8138,2,1296
8139,2,1230
8140,2,1162
8141,2,1077
8142,2,1033
8143,2,993
8144,2,970
8145,2,971
8146,2,980
8147,2,1043
8148,2,1088
8149,2,1150
8150,2,1210
8151,2,1200
8152,2,1188
8153,2,1210
8154,2,1213
8155,2,1206
8156,2,1214
8157,2,1221
8158,2,1214
8159,2,1227
8160,2,1218
8161,2,1207
8162,2,1182
8163,2,1096
8164,2,1034
8165,2,974
8166,2,945
8167,2,918
8168,2,906
8169,2,906
8170,2,931
8171,2,958
8172,2,987
8173,2,1050
8174,2,1061
8175,2,1099
8176,2,1120
8177,2,1136
8178,2,1135
8179,2,1182
8180,2,1180
8181,2,1204
8182,2,1223
8183,2,1205
8184,2,1239
8185,2,1235
8186,2,1214
8187,2,1135
8188,2,1018
8189,2,966
8190,2,940
8191,2,916
8192,2,900
8193,2,914
8194,2,943
8195,2,1055
8196,2,1135
8197,2,1229
8198,2,1298
8199,2,1324
8200,2,1467
8201,2,1572
8202,2,1837
8203,2,1618
8204,3,1376
8205,2,1362
8206,2,1354
8207,2,1351
8208,2,1343
8209,2,1324
8210,2,1277
8211,2,1208
8212,2,1145
8213,2,1112
8214,2,1073
8215,2,1056
8216,2,1053
8217,2,1054
8218,2,1068
8219,2,1128
8220,2,1213
8221,2,1283
8222,2,1291
8223,2,1297
8224,2,1299
8225,2,1311
8226,2,1715
8227,2,1610
8228,2,1356
8229,2,1315
8230,2,1320
8231,2,1333
8232,2,1324
8233,2,1325
8234,2,1281
8235,2,1216
8236,2,1165
8237,2,1127
8238,2,1088
8239,2,1054
8240,2,1051
8241,2,1082
8242,2,1082
8243,2,1162
8244,2,1205
8245,2,1254
8246,2,1284
8247,2,1298
8248,2,1286
8249,2,1322
8250,2,1330
8251,2,1337
8252,2,1344
8253,2,1347
8254,2,1334
8255,2,1313
8256,2,1314
8257,2,1307
8258,2,1259
8259,2,1155
8260,2,1034
8261,2,947
8262,2,894
8263,2,860
8264,2,866
8265,2,866
8266,2,906
8267,2,1044
8268,2,1134
8269,2,1450
8270,2,1475
8271,2,1704
8272,2,1625
8273,2,1873
8274,2,1932
8275,2,1686
8276,2,1670
8277,2,1668
8278,2,1660
8279,2,1418
8280,2,1073
8281,2,1060
8282,2,1057
8283,2,959
8284,2,858
8285,2,788
8286,2,760
8287,2,748
8288,2,746
8289,2,731
8290,2,742
8291,2,847
8292,2,907
8293,2,967
8294,2,991
8295,2,1001
8296,2,1005
8297,2,1024
8298,2,1021
8299,2,1031
8300,2,1007
8301,2,1023
8302,2,1021
8303,2,1058
8304,2,1039
8305,2,993
8306,2,931
8307,2,842
8308,2,783
8309,2,732
8310,2,699
8311,2,666
8312,2,646
8313,2,647
8314,2,668
8315,2,720
8316,2,783
8317,2,843
8318,2,840
8319,2,821
8320,2,829
8321,2,845
8322,2,849
8323,2,850
8324,2,867
8325,2,869
8326,2,869
8327,2,869
8328,2,865
8329,2,858
8330,2,846
8331,2,808
8332,2,748
8333,2,706
8334,2,666
8335,2,650
8336,2,641
8337,2,648
8338,2,648
8339,3,705
8340,2,727
8341,2,772
8342,2,787
8343,2,803
8344,2,809
8345,2,818
8346,2,832
8347,2,834
8348,2,863
8349,2,871
8350,2,873
8351,2,879
8352,2,888
8353,2,884
8354,2,892
8355,2,824
8356,2,769
8357,2,716
8358,2,675
8359,2,655
8360,3,644
8361,2,652
8362,2,672
8363,2,734
8364,2,788
8365,2,856
8366,2,925
8367,2,911
8368,2,917
8369,2,926
8370,2,956
8371,2,958
8372,2,957
8373,2,950
8374,2,968
8375,2,955
8376,2,978
8377,2,978
8378,2,987
8379,2,909
8380,2,813
8381,2,742
8382,2,697
8383,2,667
8384,2,664
8385,2,670
8386,2,684
8387,2,758
8388,2,820
8389,2,891
8390,2,958
8391,2,956
8392,2,940
8393,2,1100
8394,2,1096
8395,2,1110
8396,2,958
8397,2,962
8398,2,956
8399,2,958
8400,2,975
8401,2,982
8402,2,991
8403,2,876
8404,2,755
8405,2,681
8406,2,622
8407,2,586
8408,2,595
8409,2,602
8410,2,634
8411,2,695
8412,2,777
8413,2,878
8414,2,884
8415,2,983
8416,2,937
8417,2,944
8418,2,1000
8419,2,999
8420,2,950
8421,2,927
8422,2,927
8423,2,944
8424,2,952
8425,2,950
8426,2,934
8427,2,853
8428,2,765
8429,2,694
8430,2,642
8431,2,591
8432,2,610
8433,2,590
8434,2,612
8435,2,716
8436,2,818
8437,2,822
8438,2,910
8439,2,983
8440,2,947
8441,2,792
8442,2,815
8443,2,832
8444,2,835
8445,2,876
8446,2,906
8447,2,915
8448,2,901
8449,2,890
8450,2,871
8451,2,843
8452,2,771
8453,2,691
8454,2,656
8455,2,598
8456,2,570
8457,2,566
8458,2,583
8459,2,610
8460,2,650
8461,2,680
8462,2,728
8463,2,709
8464,2,690
8465,2,733
8466,2,735
8467,2,745
8468,2,787
8469,2,809
8470,2,829
8471,2,866
8472,2,885
8473,2,849
8474,2,809
8475,2,790
8476,2,725
8477,2,667
8478,2,621
8479,2,587
8480,2,564
8481,2,573
8482,2,574
8483,2,587
8484,2,616
8485,2,621
8486,2,654
8487,2,639
8488,2,656
8489,2,653
8490,2,669
8491,2,671
8492,2,667
8493,2,676
8494,2,679
8495,2,681
8496,2,691
8497,2,675
8498,2,679
8499,2,665
8500,2,644
8501,2,591
8502,2,568
8503,2,534
8504,2,531
8505,2,529
8506,2,540
8507,2,588
8508,2,612
8509,2,629
8510,2,635
8511,2,645
8512,2,658
8513,2,670
8514,2,671
8515,2,681
8516,2,709
8517,2,682
8518,2,673
8519,2,724
8520,2,746
8521,2,695
8522,2,691
8523,2,622
8524,2,549
8525,2,532
8526,2,527
8527,2,523
8528,2,537
8529,2,559
8530,2,632
8531,2,711
8532,2,807
8533,2,911
8534,2,954
8535,2,960
8536,2,974
8537,2,1015
8538,2,1026
8539,2,1074
8540,2,928
8541,2,975
8542,2,1069
8543,2,1074
8544,2,1057
8545,2,1086
8546,2,1011
8547,2,906
8548,2,750
8549,2,677
8550,2,623
8551,2,582
8552,2,536
8553,2,554
8554,2,581
8555,2,646
8556,2,730
8557,2,835
8558,2,1119
8559,2,1126
8560,2,1080
8561,2,1111
8562,2,1039
8563,2,1078
8564,2,1103
8565,2,1144
8566,2,1078
8567,2,1046
8568,2,1063
8569,2,1091
8570,2,1046
8571,2,973
8572,2,821
8573,2,724
8574,2,647
8575,2,599
8576,2,628
8577,2,613
8578,2,652
8579,2,796
8580,2,953
8581,2,1045
8582,2,1233
8583,2,1194
8584,2,1118
8585,2,1154
8586,2,1229
8587,2,1124
8588,2,1107
8589,2,1077
8590,2,1043
8591,2,984
8592,2,963
8593,2,972
8594,2,942
8595,2,898
8596,2,792
8597,2,684
8598,2,638
8599,2,597
8600,2,614
8601,2,632
8602,2,652
8603,2,739
8604,2,837
8605,2,869
8606,2,891
8607,2,878
8608,2,859
8609,2,854
8610,2,858
8611,2,854
8612,2,848
8613,2,824
8614,2,793
8615,2,778
8616,2,751
8617,2,727
8618,2,680
8619,2,655
8620,2,630
8621,2,612
8622,2,590
8623,2,563
8624,2,601
8625,2,588
8626,2,600
8627,2,626
8628,2,651
8629,2,687
8630,2,736
8631,2,735
8632,2,737
8633,2,752
8634,2,765
8635,2,792
8636,2,776
8637,2,834
8638,2,807
8639,2,831
8640,2,861
8641,2,879
8642,2,842
8643,2,786
8644,2,718
8645,2,694
8646,2,658
8647,2,601
8648,2,620
8649,2,619
8650,2,627
8651,2,710
8652,2,753
8653,2,842
8654,2,883
8655,2,972
8656,2,951
8657,2,982
8658,2,950
8659,2,949
8660,2,940
8661,2,914
8662,2,946
8663,2,947
8664,2,948
8665,2,964
8666,2,933
8667,2,857
8668,2,749
8669,2,708
8670,2,648
8671,2,590
8672,2,627
8673,2,633
8674,2,620
8675,2,677
8676,2,706
8677,2,778
8678,2,824
8679,2,850
8680,2,872
8681,2,931
8682,2,909
8683,2,898
8684,2,935
8685,2,926
8686,2,931
8687,2,920
8688,2,939
8689,2,922
8690,2,914
8691,2,885
8692,2,790
8693,2,716
8694,2,662
8695,2,637
8696,2,644
8697,2,669
8698,2,712
8699,2,789
8700,2,955
8701,2,1039
8702,2,1037
8703,2,1043
8704,2,1073
8705,2,1123
8706,2,1115
8707,2,1107
8708,2,1155
8709,2,1118
8710,2,1059
8711,2,1050
8712,2,991
8713,2,942
8714,2,902
8715,2,848
8716,2,767
8717,2,691
8718,2,642
8719,2,600
8720,2,628
8721,2,641
8722,2,666
8723,2,749
8724,2,858
8725,2,927
8726,2,943
8727,2,978
8728,2,985
8729,2,1004
8730,2,1043
8731,2,1018
8732,2,1028
8733,2,992
8734,2,990
8735,2,1005
8736,2,1009
8737,2,986
8738,2,968
8739,2,923
8740,2,841
8741,2,743
8742,2,672
8743,2,646
8744,2,641
8745,2,662
8746,2,673
8747,2,754
8748,2,904
8749,2,944
8750,2,1061
8751,2,1081
8752,2,1043
8753,2,1026
8754,2,988
8755,2,968
8756,2,917
8757,2,871
8758,2,839
8759,2,835
